customer_id,first_name,last_name,email,city,state,country,signup_date
1,Danielle,Johnson,john21@example.net,New Roberttown,Colorado,India,2024-09-03
2,Jesse,Guzman,jennifermiles@example.com,South Bridget,Alabama,India,2024-06-04
3,Helen,Peterson,jasongallagher@example.org,South Colinstad,Rhode Island,India,2024-11-13
4,Lindsay,Blair,dudleynicholas@example.net,Mariastad,Oregon,India,2024-07-24
5,Janet,Williams,kendragalloway@example.org,South Joshuastad,Hawaii,India,2025-04-27
6,Michael,Santiago,lynchgeorge@example.net,East Steven,Louisiana,India,2026-06-20
7,Hailey,Robinson,megan03@example.org,Richardland,Indiana,India,2026-02-27
8,Nancy,Edwards,pfoster@example.com,West Donald,West Virginia,India,2026-02-18
9,Amber,Burgess,zhurst@example.com,East William,Colorado,India,2023-12-12
10,Michelle,Hernandez,laurahenderson@example.org,Jamesmouth,North Dakota,India,2024-10-24
11,Tasha,Valencia,frazierdanny@example.net,Kaylamouth,Delaware,India,2024-12-28
12,Ryan,Chavez,teresa28@example.org,Meaganhaven,Rhode Island,India,2024-08-03
13,Eric,Farmer,georgetracy@example.org,Natashaport,Kansas,India,2023-12-28
14,John,Bradley,millertodd@example.org,East Donna,Oklahoma,India,2024-06-12
15,Joseph,Brennan,ibrandt@example.net,Lake Larry,Texas,India,2026-07-05
16,Nathaniel,Lam,omartinez@example.org,Andrewside,Iowa,India,2026-04-01
17,Jeffrey,Jones,perezrebecca@example.com,New Johnfort,Indiana,India,2026-01-14
18,David,Walls,esanchez@example.com,North Collin,Nevada,India,2025-04-02
19,Rodney,Owens,nuneztracey@example.org,South Jessicaville,Kansas,India,2024-07-23
20,James,West,dwhite@example.org,South Lindseyside,Connecticut,India,2023-12-17
21,Denise,Fernandez,novaksara@example.org,South Todd,Indiana,India,2025-06-13
22,Rachel,Martin,gallowayjoseph@example.com,Rodneyside,Texas,India,2025-10-25
23,Eric,Phillips,rileyamy@example.net,Brianshire,New Mexico,India,2025-11-19
24,Samantha,Schmidt,yuchristopher@example.org,New Carlosbury,Montana,India,2024-04-03
25,Shelly,Hudson,harveyrobert@example.net,Sarahborough,Texas,India,2025-01-30
26,John,Foster,stephen10@example.com,North Amandahaven,Kentucky,India,2024-04-22
27,Sarah,Ibarra,mikemoore@example.net,Cherylhaven,Alabama,India,2026-08-02
28,Lisa,Evans,mcmillandennis@example.org,Lake Angelaview,Maine,India,2026-04-26
29,Jason,Cooper,william40@example.org,Calderonton,Alabama,India,2025-03-01
30,Kellie,Walsh,evan78@example.net,Hoffmanville,California,India,2026-09-07
31,Rebecca,Gardner,brandi26@example.org,West Michaelton,Minnesota,India,2024-08-21
32,Evelyn,Estrada,kimberly69@example.net,East Michelle,Idaho,India,2025-07-01
33,Angel,Doyle,kimberly63@example.com,Port Jacqueline,Missouri,India,2023-11-29
34,Michele,Walker,ybailey@example.org,North Donna,Montana,India,2025-02-20
35,Joshua,Jones,michael86@example.net,Sheilaville,Kentucky,India,2024-07-03
36,Beverly,Terrell,rodriguezryan@example.net,Samuelhaven,Delaware,India,2025-05-20
37,Rachel,Lee,fletcheraaron@example.net,West Ryan,Texas,India,2025-02-23
38,Cindy,Alvarado,cortezkevin@example.com,Nguyenport,Oklahoma,India,2024-04-14
39,James,Ortega,lbyrd@example.net,Richardtown,Maryland,India,2024-12-18
40,Jason,Floyd,steven73@example.net,Leonburgh,Texas,India,2024-02-08
41,Justin,Beck,clarence34@example.org,East Andrew,Kansas,India,2025-10-07
42,Cheryl,Mack,operry@example.net,Lake Heather,New York,India,2025-06-11
43,John,Douglas,staffordmichelle@example.org,Robinsonhaven,New Jersey,India,2023-12-17
44,Angela,Lowery,bryantlaurie@example.net,Stephaniemouth,South Carolina,India,2025-11-22
45,Ronald,Meadows,vmerritt@example.com,Greenbury,South Dakota,India,2024-12-03
46,Katie,Boyd,joshuajones@example.com,West Matthew,Ohio,India,2024-02-02
47,Devon,Hall,jasminebrown@example.com,Amychester,Arkansas,India,2024-08-16
48,Marissa,Price,gateskathy@example.com,Smithstad,Maryland,India,2025-05-27
49,Melissa,Ashley,vmedina@example.net,South Jeffrey,Nevada,India,2025-10-23
50,Anthony,Rogers,dramsey@example.org,South Brittanytown,Colorado,India,2026-06-24
51,Roy,Camacho,brentgray@example.org,Murphyfurt,Louisiana,India,2025-07-15
52,Johnny,Miller,currybrett@example.com,Lake Casey,Tennessee,India,2023-12-01
53,Karen,Herring,maryhowell@example.org,South Elizabeth,Oregon,India,2024-09-02
54,Steven,Scott,gary91@example.org,Danieltown,Maryland,India,2026-03-12
55,Erica,Rubio,mdavid@example.org,North Heidi,Maryland,India,2026-08-27
56,Caroline,Martinez,reedross@example.com,New Deborahtown,Nebraska,India,2025-10-30
57,Daniel,Yu,bzimmerman@example.org,Christinaside,Wyoming,India,2025-10-20
58,Steven,Petersen,marcus31@example.com,Sanchezmouth,Oregon,India,2026-05-05
59,Elizabeth,Rogers,lrosales@example.com,West Lauren,Michigan,India,2024-12-07
60,Nicole,Haynes,angela83@example.org,Lake Richard,Oklahoma,India,2024-10-07
61,Hannah,Brewer,bwest@example.org,Jeffreybury,Maryland,India,2026-07-27
62,Bonnie,Kennedy,ronald85@example.com,Nelsonview,Iowa,India,2024-04-04
63,Jennifer,Stewart,jamesrodgers@example.com,Tinaborough,Maine,India,2024-09-17
64,Michael,Turner,joshuamccann@example.net,Heidiberg,South Dakota,India,2025-10-31
65,Curtis,Smith,taylor75@example.org,West Shelleyfort,Delaware,India,2024-01-09
66,Richard,Jones,hernandezlisa@example.com,East Davidchester,Rhode Island,India,2026-04-13
67,Krystal,Perez,chayes@example.com,Torreston,South Carolina,India,2024-03-02
68,Stacey,Clark,josephmiller@example.org,New Charles,Alabama,India,2025-06-25
69,Shannon,Wheeler,antonio44@example.net,Jonesbury,Kentucky,India,2026-05-27
70,Brittany,Lara,ronaldstephens@example.net,West Margaret,California,India,2023-12-31
71,Gabriel,Parker,scott74@example.net,Benderhaven,Ohio,India,2025-11-05
72,Samuel,George,mnavarro@example.com,North Jeremyshire,Pennsylvania,India,2023-11-01
73,Yvonne,Chambers,barbara27@example.net,Moonburgh,Pennsylvania,India,2025-08-07
74,Cynthia,Vasquez,harrisonricky@example.com,Port Eugenechester,Vermont,India,2025-11-07
75,Keith,Landry,gibsonleonard@example.com,Port Richardhaven,Alabama,India,2026-07-17
76,Molly,Murray,lopezmichael@example.com,Wolfborough,Louisiana,India,2026-01-30
77,David,Roberts,omartinez@example.net,Lake Eric,Oklahoma,India,2023-10-21
78,Andrea,Davis,murraydavid@example.org,Cantuport,North Carolina,India,2026-09-29
79,Joshua,Davenport,jsanchez@example.org,Leehaven,West Virginia,India,2024-04-29
80,Michelle,Hill,ymorgan@example.net,Loriport,Washington,India,2025-01-05
81,Mary,Carpenter,cgrimes@example.net,Reedside,Wisconsin,India,2026-01-21
82,Nicholas,Cantu,tinaallen@example.com,Port Kimberly,Arizona,India,2025-02-05
83,Julie,Thornton,qhughes@example.net,South Tammie,Florida,India,2025-11-18
84,Tammy,Rivera,sawyerscott@example.net,Smithberg,Nebraska,India,2026-07-13
85,Tara,Jones,matthew61@example.com,Finleyfort,Ohio,India,2023-11-24
86,Christina,Young,wendy16@example.org,South Garrettport,Alaska,India,2023-12-10
87,Mark,Brown,nicholas23@example.net,Knightburgh,Hawaii,India,2024-06-27
88,Christian,Pitts,tyleraguilar@example.org,Littlemouth,Kentucky,India,2026-07-31
89,Albert,Ballard,erica21@example.com,Vanessaport,South Dakota,India,2025-07-20
90,Hannah,Bryant,james67@example.org,South Ashley,Oregon,India,2025-01-01
91,Victoria,Phillips,khill@example.net,New Julieport,Wyoming,India,2024-09-21
92,Catherine,Gomez,christinebyrd@example.net,Lake Colton,South Dakota,India,2026-06-30
93,Benjamin,Kramer,rileyjessica@example.org,Markchester,Idaho,India,2024-08-06
94,David,Ryan,alyssa42@example.com,Coffeyport,West Virginia,India,2025-03-09
95,Linda,Mcdonald,taylortammy@example.net,Coffeyside,Mississippi,India,2024-02-17
96,Krystal,Smith,gibsonemily@example.net,Brendastad,Connecticut,India,2026-08-13
97,Jesus,Johnson,rose31@example.net,Blankenshipport,Tennessee,India,2025-06-25
98,Darryl,Williams,torrestravis@example.org,New Derek,New Jersey,India,2025-04-28
99,Ellen,Paul,umatthews@example.org,Penafort,South Carolina,India,2025-06-24
100,Sheila,Ramirez,jeff73@example.com,Lake Michaelstad,Arkansas,India,2025-06-09
101,Joshua,Donaldson,ndavis@example.net,North Kristinbury,Florida,India,2026-02-23
102,Jamie,Gallegos,brendali@example.org,Kimtown,Louisiana,India,2024-05-11
103,Vanessa,Fernandez,danieldelacruz@example.org,West Kristybury,Pennsylvania,India,2025-02-13
104,Alfred,Baker,judyfox@example.net,South Shanestad,North Carolina,India,2026-04-09
105,Daniel,Gordon,acostaregina@example.net,Stephentown,Arkansas,India,2025-10-13
106,Melanie,Simmons,henryrenee@example.org,West Charleneland,Florida,India,2024-11-30
107,Claudia,Richards,oscar98@example.com,Wagnerchester,Connecticut,India,2026-09-24
108,Danny,Pena,russellbeasley@example.com,Mariafurt,Nebraska,India,2024-02-24
109,Larry,Edwards,nicholas27@example.org,Port Christopherchester,Connecticut,India,2025-04-30
110,Lisa,Hawkins,elizabeth65@example.net,Parrishton,Maine,India,2026-04-19
111,Larry,Garcia,ericolson@example.org,Meganstad,Delaware,India,2024-12-05
112,Audrey,Aguirre,lynchdiane@example.net,Anthonyview,Vermont,India,2025-01-21
113,Sandra,Bell,mollyknight@example.com,East Joycetown,Colorado,India,2026-01-01
114,Jason,Barnes,eric45@example.net,North Ericton,Utah,India,2024-02-03
115,Joseph,Stanley,alawson@example.com,Port William,Minnesota,India,2025-07-28
116,Daniel,Gregory,trose@example.org,South Tracey,Arkansas,India,2023-10-11
117,James,Dougherty,kathrynroberts@example.org,South Julieburgh,Florida,India,2025-05-12
118,Amanda,Hall,charles06@example.org,Morsemouth,Oregon,India,2025-07-27
119,Ashley,Mckinney,zroberts@example.org,Georgemouth,Vermont,India,2025-04-14
120,Christopher,Richard,ryanmorales@example.org,Harrellmouth,Iowa,India,2025-02-28
121,Kimberly,Jones,schmidtjames@example.com,Jessicaberg,Kansas,India,2024-03-07
122,Dwayne,Gonzalez,kathleenrios@example.org,Marshallshire,Wisconsin,India,2026-03-18
123,Shane,Glass,michelle52@example.com,South Scottport,Louisiana,India,2026-04-05
124,Brian,Romero,steven00@example.com,Chaseland,South Carolina,India,2026-04-09
125,William,Ford,colelisa@example.net,West Cassidy,North Carolina,India,2024-05-21
126,Susan,Hayes,toni18@example.net,North John,New Hampshire,India,2025-08-12
127,Alexandria,Bishop,nathan46@example.com,Erikaton,South Dakota,India,2026-07-01
128,Matthew,Rivera,umitchell@example.net,West Christopher,Texas,India,2024-05-06
129,Sabrina,Collins,tanderson@example.org,Angelicamouth,Florida,India,2026-08-05
130,Jacqueline,Valentine,lucasrodney@example.com,West Kyleborough,Michigan,India,2025-10-24
131,James,Cooke,chrisrichard@example.org,Lake Matthewberg,Rhode Island,India,2025-05-07
132,Eric,White,jenniferwilliams@example.com,South Cheryl,Wisconsin,India,2025-08-27
133,Jesus,Allen,mmckee@example.com,Murrayport,Wyoming,India,2025-05-15
134,Wesley,Barnes,lisasolis@example.org,Brettfort,Mississippi,India,2026-02-07
135,Sarah,Dawson,mitchellkathryn@example.com,Whiteheadberg,Nevada,India,2024-02-19
136,Stacey,Walker,bwilkerson@example.com,South Waynebury,Missouri,India,2024-02-03
137,Nicholas,Johnson,combsdebra@example.org,North Justin,New Mexico,India,2026-09-15
138,Mariah,Blake,awest@example.org,West Jasonberg,Oklahoma,India,2026-05-02
139,Allison,Rodriguez,john10@example.org,Fowlermouth,California,India,2024-03-20
140,Mary,Porter,chenbailey@example.net,West Ruben,South Carolina,India,2025-03-31
141,John,Butler,millsmichael@example.net,South Morganton,South Dakota,India,2025-05-22
142,Tina,King,kellycarlos@example.org,Port Bonniemouth,Florida,India,2023-12-07
143,Michael,Morgan,mariacohen@example.net,Welchberg,California,India,2025-09-09
144,Benjamin,Harris,ninastewart@example.com,Haysside,New Mexico,India,2024-10-27
145,Benjamin,Lucas,michael05@example.com,Port Michealfurt,West Virginia,India,2025-08-13
146,Patricia,Hughes,tylerjimenez@example.net,Lauriechester,Colorado,India,2025-07-29
147,Carrie,Short,manuel15@example.net,Kirkchester,Hawaii,India,2026-09-05
148,Scott,West,christina64@example.net,North Emilyfurt,Mississippi,India,2025-12-05
149,Laurie,Shelton,thomascathy@example.com,East Carlosstad,Mississippi,India,2025-05-16
150,Stacy,Johnson,erikarush@example.com,Hinesshire,Florida,India,2025-12-30
151,Michael,Edwards,john10@example.net,South April,Oklahoma,India,2024-03-30
152,Jose,Green,nlewis@example.com,Gonzalezberg,California,India,2025-09-01
153,Gerald,Reeves,cochrantammy@example.com,Jennaside,Ohio,India,2024-12-24
154,Patricia,York,laurahicks@example.org,Port Dominic,New York,India,2023-11-09
155,Michael,Armstrong,jlara@example.org,North Kylefort,North Dakota,India,2025-06-29
156,Kayla,Morrow,martinezlogan@example.org,Owenshaven,Minnesota,India,2024-04-16
157,Natalie,Deleon,katrinaanderson@example.net,Port Davidberg,Maryland,India,2024-06-11
158,Fernando,Donovan,michaeleverett@example.com,West Jamesside,Louisiana,India,2024-04-11
159,Colleen,Mendez,shawgary@example.net,East Donna,Washington,India,2026-04-27
160,Matthew,Bradshaw,bryananthony@example.org,Debrashire,Nebraska,India,2026-05-17
161,Danielle,Jimenez,dawn47@example.org,Evansland,Vermont,India,2024-01-01
162,Eric,Perry,mharris@example.org,Michellemouth,Washington,India,2025-03-19
163,Theresa,Anderson,zachary15@example.org,Martinezmouth,Kansas,India,2024-05-05
164,Colin,Roberts,alin@example.org,Port Mark,Oregon,India,2025-01-27
165,James,Moore,tjimenez@example.com,North Sierrahaven,New Jersey,India,2024-10-07
166,Jason,Gomez,campbellcarla@example.net,Mitchelltown,Connecticut,India,2025-07-30
167,Dennis,Baker,kathryn50@example.com,New Annastad,Oklahoma,India,2024-12-21
168,Charles,Gordon,marcia99@example.org,North Phillip,Michigan,India,2026-02-12
169,Sheila,Fischer,carriemorales@example.org,North Derrickmouth,New Mexico,India,2025-12-14
170,Stephen,Obrien,markaustin@example.org,Ewingport,Pennsylvania,India,2025-03-05
171,William,Hicks,terickson@example.com,West Markville,Nebraska,India,2026-03-24
172,Kyle,Roach,carlsonjoseph@example.net,Lake Brett,New Mexico,India,2024-06-20
173,Alexandria,Griffith,rhernandez@example.org,New Stacyville,Illinois,India,2023-10-29
174,Scott,Barnes,avaughn@example.net,Salaston,Virginia,India,2024-05-01
175,April,Hoffman,ufox@example.org,Barrmouth,Ohio,India,2025-04-02
176,Erica,Dillon,chelsea33@example.com,Jeffreyport,Wyoming,India,2024-12-21
177,Janet,Vaughn,wstewart@example.net,Keithshire,Utah,India,2026-01-20
178,Noah,Baird,stephanie24@example.org,Stephanieland,Minnesota,India,2025-08-17
179,Diana,Burgess,jamesryan@example.net,Derrickshire,Kansas,India,2024-10-10
180,Brent,Stein,danawilliams@example.com,Jenniferville,Utah,India,2024-04-30
181,Adam,Pierce,richarddonovan@example.com,Santosport,Massachusetts,India,2024-12-16
182,Debbie,Velez,pearsonjesse@example.net,East Robertburgh,Arizona,India,2025-06-07
183,Kristin,Lopez,nancy04@example.net,West Justinside,North Dakota,India,2025-11-05
184,Pamela,Anderson,znelson@example.org,Franciscomouth,Tennessee,India,2024-11-02
185,Jennifer,Smith,krystal93@example.org,Wilcoxhaven,Massachusetts,India,2024-02-11
186,Richard,Davis,thomasboyle@example.org,Patrickmouth,Wisconsin,India,2024-11-17
187,Stephanie,Turner,greenmichael@example.org,Lake Davidport,Hawaii,India,2025-06-20
188,Gina,Leblanc,hannah45@example.net,East Susan,New Mexico,India,2024-05-24
189,Spencer,Zhang,robert87@example.net,Port John,Wisconsin,India,2026-04-12
190,Morgan,Miller,xrice@example.org,North Mariahaven,Illinois,India,2026-03-07
191,Amanda,Martin,nwilson@example.net,Davishaven,New Hampshire,India,2023-12-25
192,Shawn,Palmer,jelliott@example.com,Jenniferfurt,Kentucky,India,2023-10-04
193,Julie,Lane,hendersonisabella@example.net,North Valeriefort,Arizona,India,2024-12-18
194,Robert,Mack,ybrooks@example.com,Bennettside,Florida,India,2026-07-11
195,Michelle,Wilson,urice@example.org,Port Andrewport,New Jersey,India,2026-08-11
196,Jennifer,Coleman,pmorrow@example.com,Ericborough,Washington,India,2024-03-23
197,Antonio,Keller,allencarlos@example.net,South Carlaton,Kansas,India,2023-12-07
198,Richard,Young,karenparsons@example.org,Jimshire,Massachusetts,India,2026-03-15
199,Carla,Chambers,joel28@example.org,Turnerton,Oklahoma,India,2026-04-06
200,Nichole,Buck,dpeters@example.com,Floydmouth,Vermont,India,2025-07-07
201,Ricky,Evans,karenwells@example.org,Meredithberg,New Jersey,India,2023-12-28
202,Anna,Faulkner,paulscott@example.com,South Melanieland,Ohio,India,2024-07-21
203,Brett,Bennett,russojacob@example.net,South Jason,Michigan,India,2025-01-12
204,Susan,Smith,suzannewilson@example.com,Lake Cassandra,Indiana,India,2025-06-07
205,Rose,Arnold,oscar85@example.com,Michaelfort,New Jersey,India,2024-03-01
206,Leah,Bowen,robin55@example.com,New Michelleberg,Alaska,India,2024-11-08
207,Angela,Silva,mphillips@example.com,South Ashley,Kansas,India,2025-11-13
208,Andrea,Harding,jonathan77@example.com,Lake Laura,Hawaii,India,2024-05-04
209,Jennifer,Freeman,warrenmary@example.org,Port Adamberg,South Dakota,India,2024-09-23
210,Carlos,Hernandez,williambrooks@example.net,Hopkinstown,Alabama,India,2026-01-03
211,Andrea,Smith,amanda40@example.net,Drakeburgh,Connecticut,India,2024-02-26
212,Alice,Allen,lisa46@example.org,Susanmouth,Oregon,India,2024-10-11
213,Veronica,Perez,valdezmichele@example.org,South Nicholasside,New Mexico,India,2023-12-26
214,Dana,Warner,porterryan@example.com,New Samanthabury,Indiana,India,2026-09-09
215,Paige,Alvarez,glassgabrielle@example.com,East Sarahmouth,Alaska,India,2024-08-16
216,Brenda,Goodwin,thickman@example.org,New Mary,Missouri,India,2026-08-16
217,Peggy,Rivera,krystalnorris@example.org,Brianchester,Iowa,India,2024-01-26
218,Matthew,Mack,unovak@example.org,Kristenmouth,New York,India,2024-09-18
219,Michael,Pugh,llopez@example.net,Millerport,Kansas,India,2024-01-22
220,Christopher,Moore,jodistewart@example.org,North Sherrymouth,Mississippi,India,2024-11-22
221,Curtis,Miller,jcole@example.net,Garcialand,Minnesota,India,2026-02-06
222,Christopher,George,michelle04@example.com,Maxwellside,Kansas,India,2026-03-06
223,Adriana,Jennings,dominicturner@example.com,North Gary,Louisiana,India,2025-07-15
224,Kevin,Patton,johnathan37@example.net,South Daniel,Maryland,India,2023-10-10
225,Stacy,Cook,vbrock@example.com,Ryanberg,Maryland,India,2025-02-09
226,Carrie,Dominguez,zedwards@example.com,Jessicafort,Oregon,India,2024-10-10
227,Mark,Ramirez,kdiaz@example.org,Lake Katrina,Alaska,India,2025-09-16
228,Sherry,Clark,marie16@example.net,Taylorport,Kansas,India,2024-10-26
229,Donna,Espinoza,mjones@example.com,Fergusonchester,Ohio,India,2023-11-26
230,Krystal,Ward,rodriguezjohn@example.net,Gabrielton,Oregon,India,2026-06-28
231,Erica,Ross,tammy61@example.org,West Jeffreyhaven,Oklahoma,India,2026-03-19
232,Gwendolyn,Walker,peter98@example.org,Whitneyfort,Connecticut,India,2024-12-31
233,Robert,Nixon,guerrajessica@example.com,Matthewborough,North Dakota,India,2025-10-19
234,Michael,Davis,tflores@example.org,North Melindaville,Utah,India,2024-06-11
235,Sarah,Yang,andrearivera@example.com,Hallfurt,South Dakota,India,2024-07-12
236,Jacob,Sandoval,njohnson@example.org,Vargasfurt,Alabama,India,2026-09-28
237,Jason,Ramirez,raylauren@example.net,West Mark,New Jersey,India,2024-03-25
238,Jose,Huffman,candice96@example.net,West Michaelmouth,South Carolina,India,2024-06-24
239,Lisa,Mccarthy,samantha91@example.net,West David,Maryland,India,2024-03-29
240,Isaac,Steele,ibarnes@example.net,Hendersonfort,South Dakota,India,2026-01-11
241,Heather,Brewer,angelaburns@example.org,West Megan,South Carolina,India,2023-12-22
242,Michelle,Crane,ytaylor@example.net,Ortizfort,Nebraska,India,2025-08-19
243,Tracy,Miller,flynnjeffrey@example.org,Jeffreyport,Hawaii,India,2025-09-09
244,Ariel,Barton,hdunn@example.net,West Kimberlystad,Ohio,India,2023-12-03
245,Kathleen,Alexander,veronicagarcia@example.net,West Nancy,Arizona,India,2025-08-28
246,Jose,Atkins,gonzalesvictoria@example.org,Port Joan,Vermont,India,2025-03-27
247,Michelle,Bishop,imartin@example.org,Port Brian,Minnesota,India,2026-01-03
248,Juan,Ryan,tiffany44@example.net,Stephaniehaven,Utah,India,2024-02-24
249,Derek,Brady,rsellers@example.net,Lake Michelle,Kansas,India,2024-05-14
250,Jennifer,Poole,kburns@example.net,Courtneyfurt,New Hampshire,India,2024-01-25
251,Cynthia,Beard,powellkara@example.net,Shawnfort,Massachusetts,India,2026-03-22
252,Aaron,Schroeder,simonstephen@example.net,Melissaside,Montana,India,2024-09-02
253,Tammy,Summers,sadams@example.com,New Melissa,Michigan,India,2026-08-25
254,Kathryn,Williams,ksmith@example.com,Smithchester,Illinois,India,2026-09-03
255,Regina,Khan,erik41@example.net,Johnstad,Texas,India,2026-07-04
256,Gabriel,Sanders,jessica36@example.net,Lake Codyborough,New Mexico,India,2024-01-29
257,David,Perez,ssmith@example.com,Port Robertberg,New Mexico,India,2024-01-18
258,Jeremy,Davis,garciamichael@example.com,South Kiara,Wisconsin,India,2024-04-23
259,Darlene,Byrd,morenoalan@example.net,South Michael,Indiana,India,2026-06-01
260,Kaitlin,Gillespie,fheath@example.org,Port David,Washington,India,2025-05-18
261,Michael,Jordan,johnnewman@example.org,Kimberlytown,Texas,India,2025-01-10
262,Jamie,Lawson,juliephillips@example.org,South Paul,Kansas,India,2025-11-14
263,Danielle,Jones,hatfieldsarah@example.org,Valenciashire,Nebraska,India,2025-04-19
264,Amy,Thompson,xbest@example.org,New Carlosview,Indiana,India,2023-11-30
265,Sandra,Fry,ohunter@example.net,Hendersonfurt,Colorado,India,2026-06-21
266,Amanda,Jensen,christopher18@example.org,New Mark,Pennsylvania,India,2026-06-11
267,Kathryn,Santos,collinssamuel@example.org,East Christopherchester,Delaware,India,2025-09-03
268,Cheryl,Brown,davidzimmerman@example.net,East Tylerstad,North Dakota,India,2025-12-11
269,Krista,Le,nathanbrady@example.com,Port Rachelmouth,Nevada,India,2024-11-25
270,Alexandria,Baker,crawfordwilliam@example.org,Villarrealburgh,Mississippi,India,2024-05-31
271,Jonathan,Garcia,perezwilliam@example.org,East Brandonstad,Missouri,India,2024-05-20
272,Harold,Horne,tranrobin@example.net,Walkerbury,Nebraska,India,2025-02-08
273,Joseph,Miller,david02@example.org,South Caseymouth,Maine,India,2025-01-24
274,Mark,Tran,woodkelly@example.com,South Micheal,New York,India,2024-07-29
275,Jessica,Payne,edwardrandolph@example.org,New Michael,Vermont,India,2023-10-14
276,Stephanie,Smith,usweeney@example.com,East Alyssabury,Nebraska,India,2025-11-02
277,Susan,Kaufman,jenniferdavis@example.org,Haynesstad,New Jersey,India,2024-02-08
278,Beverly,Wagner,kjones@example.org,Batesberg,Kansas,India,2024-12-26
279,Jose,Edwards,vhaynes@example.com,Shawnbury,California,India,2024-08-09
280,Derek,Carrillo,moorefrank@example.com,Richardside,Minnesota,India,2024-08-17
281,Shannon,Ford,davislindsey@example.com,East Marymouth,Georgia,India,2024-02-18
282,Jennifer,Schmitt,rpalmer@example.com,Loriburgh,Alaska,India,2025-06-19
283,Melissa,Hawkins,codygarcia@example.org,North Bryanbury,Florida,India,2024-08-02
284,Madison,Watson,aguilarjonathan@example.org,North Jamesmouth,Florida,India,2024-02-19
285,Rebecca,Calderon,david70@example.org,Underwoodfurt,New York,India,2023-11-14
286,Patrick,Simmons,jason24@example.com,Stephensonton,South Carolina,India,2026-05-18
287,Christina,Holland,jjenkins@example.com,North Joshuaberg,Nebraska,India,2024-08-04
288,Dawn,Robles,crystalpham@example.org,Caseystad,New Mexico,India,2026-01-22
289,Kimberly,Cooper,paul20@example.com,North Paula,Wyoming,India,2024-12-09
290,Brian,Frey,katie32@example.org,Lake John,Ohio,India,2023-12-25
291,Kathryn,Gould,lkelly@example.org,New Louis,West Virginia,India,2026-09-17
292,Michael,Vargas,stacey92@example.net,Port Vanessa,New York,India,2026-01-19
293,Kyle,Henry,browncarolyn@example.org,Smithborough,Florida,India,2025-03-12
294,Jennifer,Sellers,brian29@example.net,Port Daniel,North Dakota,India,2025-04-18
295,Susan,Brooks,vwillis@example.com,Derekburgh,Washington,India,2025-08-08
296,Latoya,Yu,grant89@example.com,Lake Brianna,Idaho,India,2025-05-09
297,Kurt,Barker,gregorysmith@example.net,Rosalesshire,Arizona,India,2024-07-08
298,Carrie,Mccall,daniellegarcia@example.com,West Julie,Kansas,India,2025-03-21
299,Toni,Jackson,underwoodelizabeth@example.net,Seanview,Indiana,India,2024-10-21
300,Heather,Bell,lebrandon@example.com,Costachester,New York,India,2025-05-10
301,Michael,Bennett,kkramer@example.net,East Shannon,Arizona,India,2024-12-31
302,Andrew,Green,jonesgeorge@example.com,Lake Charles,Colorado,India,2025-03-07
303,Brooke,Austin,bbush@example.net,New Pamela,Hawaii,India,2023-12-22
304,Craig,Harris,robertspencer@example.net,Donnaport,Kansas,India,2024-02-26
305,Brandon,Armstrong,xhernandez@example.org,Millerfort,Illinois,India,2024-02-27
306,Anthony,Jackson,tiffany71@example.com,Ruizview,Colorado,India,2026-06-23
307,Amy,Lopez,cwood@example.org,Scottview,Iowa,India,2024-11-20
308,Anne,Hernandez,millermaurice@example.net,Arellanoshire,Iowa,India,2026-02-05
309,Bruce,Hughes,rsheppard@example.com,South Kent,Montana,India,2023-11-22
310,Wayne,Lester,davidtodd@example.org,East Lindsey,Florida,India,2023-12-05
311,Rodney,Mcneil,oharris@example.org,Luisland,Colorado,India,2025-05-24
312,Angela,Arnold,april09@example.net,Rodriguezberg,Georgia,India,2026-02-26
313,Brianna,Chang,buckleyanna@example.org,Mikaylastad,Nebraska,India,2024-11-13
314,Patrick,Washington,rjohnson@example.com,New Charlotte,Vermont,India,2025-06-15
315,Benjamin,Preston,hannah07@example.com,Andrewport,Maryland,India,2024-12-08
316,Megan,Garrison,comptonjeremy@example.com,Schroedermouth,Louisiana,India,2025-07-08
317,Cassidy,Davis,alewis@example.net,Malonestad,Arkansas,India,2025-12-08
318,Lacey,Jones,htaylor@example.net,East Jamesborough,Arkansas,India,2024-10-21
319,Antonio,Williams,janet45@example.com,Reidville,Utah,India,2023-11-16
320,John,Burns,ethompson@example.net,Maxview,West Virginia,India,2026-09-04
321,Christopher,Johnson,martinashley@example.org,Lake Jeffrey,Indiana,India,2024-11-21
322,Denise,Palmer,wellsdavid@example.org,East Johnnyport,Virginia,India,2026-06-24
323,Joshua,Woodard,stephen37@example.com,Silvatown,North Carolina,India,2026-07-24
324,Tammy,Franco,kenneth17@example.org,Vanessamouth,Louisiana,India,2024-11-08
325,Diana,Farley,jacob83@example.org,Guerreroberg,Washington,India,2023-11-08
326,Diana,Bright,rebecca66@example.net,New Jeanshire,Illinois,India,2025-03-16
327,Jessica,Walker,qknox@example.com,Meganside,Idaho,India,2024-12-29
328,Connor,Anderson,jessica82@example.net,Destinybury,Minnesota,India,2024-09-10
329,Julie,Parker,nathan94@example.com,South Brianshire,Pennsylvania,India,2026-05-21
330,Charles,Preston,dillonpatrick@example.com,Brownberg,Florida,India,2024-08-06
331,Matthew,Benitez,tthomas@example.org,South Marvinburgh,Massachusetts,India,2026-06-11
332,Brian,Hayes,kathleenjackson@example.org,Gloverland,Florida,India,2026-05-11
333,Ryan,Jordan,ysanford@example.org,New Jamesstad,Alabama,India,2025-02-11
334,Katherine,Schmidt,rhodescourtney@example.org,Lake Natalie,Maryland,India,2024-04-17
335,Curtis,Gordon,gary04@example.com,Lunahaven,Michigan,India,2025-08-03
336,Pamela,Cowan,wendy75@example.org,Port Richard,Iowa,India,2024-09-12
337,Jessica,Anderson,lawrencegary@example.com,South Nancyview,Wyoming,India,2026-01-07
338,Cindy,Wheeler,stanleydesiree@example.org,Lake Darrellmouth,Missouri,India,2024-04-08
339,Amy,Wells,jamiejennings@example.org,Robertville,Texas,India,2025-12-16
340,Joseph,Obrien,robertroach@example.net,West Danielville,New York,India,2024-08-03
341,Chelsea,Strickland,michaelortiz@example.org,New Tylerborough,Vermont,India,2025-10-15
342,Mark,Smith,meadowsmary@example.net,Hernandezland,Wyoming,India,2025-12-02
343,Charles,Cummings,dawn74@example.com,Williamsburgh,Arizona,India,2024-12-24
344,Michael,Rhodes,grodgers@example.org,Port Devonburgh,Michigan,India,2025-04-07
345,Patricia,Friedman,natalie15@example.com,North Richard,New Jersey,India,2024-11-25
346,Mary,Vaughn,pmarsh@example.org,East Heatherton,Hawaii,India,2024-03-09
347,Robert,Garza,ywhite@example.com,Port Gabrielleberg,New Mexico,India,2025-10-27
348,Daniel,Jenkins,browndiana@example.org,Lake Morgan,North Dakota,India,2025-12-20
349,Haley,Montgomery,pstanley@example.com,Elizabethfurt,Georgia,India,2026-02-13
350,Patricia,Salazar,schneidereric@example.com,Boothland,Wisconsin,India,2025-11-01
351,Malik,Rivera,brent38@example.net,Powellbury,Colorado,India,2025-09-12
352,Sean,Berry,gatessergio@example.org,Mcgeetown,Connecticut,India,2025-06-17
353,Robert,Hawkins,petersenlatoya@example.net,Pamelaside,Indiana,India,2026-07-12
354,Emily,Clements,marcia37@example.com,Moranstad,Virginia,India,2025-09-01
355,Daniel,Malone,aaronkelly@example.net,Amystad,Vermont,India,2024-03-13
356,Brandon,Martin,lydianewton@example.com,West Cherylborough,Delaware,India,2025-06-01
357,Jason,Summers,jenniferrodriguez@example.com,Lake Maryshire,Delaware,India,2025-08-29
358,Stephen,Lawrence,tamarasmith@example.net,New Savannahshire,New Mexico,India,2025-11-27
359,Kimberly,Kent,jessicaanderson@example.com,Williamfurt,Nebraska,India,2026-05-03
360,Ruth,Farmer,raymond54@example.com,East Robert,Vermont,India,2025-12-03
361,Kent,Miles,jennifer83@example.org,New Jennifer,Utah,India,2025-03-19
362,Samantha,Anderson,williambenson@example.com,Port Michaelfort,Pennsylvania,India,2026-03-04
363,Sherri,Mckinney,natalie60@example.net,North Oscarton,Texas,India,2023-12-26
364,James,Christensen,tonyavega@example.org,Lake Kristenborough,Wisconsin,India,2026-01-17
365,Antonio,Cervantes,jensenemma@example.net,Lake Deborah,Missouri,India,2024-10-03
366,William,Robles,heather06@example.com,Fryemouth,Oklahoma,India,2023-12-22
367,Alexander,King,ogreer@example.net,Kariside,West Virginia,India,2026-04-24
368,James,Hardy,kellythompson@example.net,East Sydneyhaven,Delaware,India,2025-05-07
369,Billy,Ramirez,david94@example.org,Stevenberg,Arizona,India,2024-05-25
370,Sarah,Carlson,tracy98@example.com,Port Jasminehaven,Iowa,India,2024-07-11
371,Abigail,Hartman,robertherrera@example.org,Jeffreyborough,Texas,India,2025-02-26
372,Mark,Carter,wbarajas@example.net,North Elizabethmouth,Kansas,India,2026-06-23
373,Christina,Oliver,flemingmanuel@example.org,Scottport,Alaska,India,2025-12-10
374,Lynn,Brooks,stucker@example.net,West Willie,Connecticut,India,2024-06-16
375,Teresa,Ayala,simsjason@example.net,Port Gina,Connecticut,India,2024-08-14
376,Amanda,Park,elucas@example.net,North Stephen,Michigan,India,2023-11-27
377,Christopher,Brown,angela93@example.com,Hughesfurt,Nevada,India,2025-02-02
378,Andre,Nunez,maychristine@example.net,Lake Melaniestad,North Carolina,India,2024-03-12
379,Keith,Jennings,campbellsara@example.com,Shorttown,New Mexico,India,2024-05-29
380,Amanda,Taylor,irobles@example.com,West Erica,Washington,India,2026-07-02
381,Nathan,Herring,davidsmith@example.net,Medinaland,Maryland,India,2024-08-21
382,Kaitlin,Berger,jason82@example.org,East Christina,Kentucky,India,2024-07-27
383,Danny,Lambert,yorksarah@example.net,Newmanland,Maine,India,2026-08-08
384,Carlos,Garcia,wlynn@example.org,North Justin,California,India,2024-07-26
385,Louis,Hayes,heather29@example.net,Lindseychester,Hawaii,India,2023-10-07
386,Lawrence,Floyd,xhill@example.org,Nataliemouth,New Hampshire,India,2025-04-09
387,Kim,Tucker,thompsoncatherine@example.com,New James,Washington,India,2026-05-30
388,Charles,Jones,atkinsoncrystal@example.net,Hammondborough,Arizona,India,2026-02-02
389,Jorge,Shannon,jvaldez@example.com,Walkershire,Washington,India,2024-12-25
390,Dennis,Mason,sanderswayne@example.net,Port Tamara,South Carolina,India,2026-08-27
391,Gabriel,Palmer,kmoore@example.net,Lake Jessica,Minnesota,India,2023-12-01
392,Jeffery,Freeman,bakerjim@example.net,New Rebecca,Mississippi,India,2025-05-24
393,Terry,Gibson,williamsdeborah@example.org,Maryview,Pennsylvania,India,2026-01-22
394,Ashley,Bennett,pdiaz@example.org,Nicholasbury,North Dakota,India,2025-06-21
395,Michael,Parrish,msparks@example.org,South Gabriel,California,India,2025-12-07
396,Dawn,Lewis,ericguzman@example.org,South Lisa,Washington,India,2024-03-24
397,Timothy,Mendoza,brittanyholland@example.com,East Bradleyshire,Pennsylvania,India,2024-06-06
398,Dennis,Hunt,brianscott@example.org,Greeneshire,South Dakota,India,2023-10-28
399,Natalie,Luna,stacey37@example.net,Dillonburgh,Iowa,India,2025-06-29
400,Carolyn,Norton,cindydixon@example.org,Sandrashire,California,India,2024-09-21
401,Nicholas,Anderson,harrismichele@example.net,Serranoville,Idaho,India,2025-10-08
402,Rachel,Greene,davisdonna@example.net,Port Erikachester,North Dakota,India,2025-07-14
403,Mitchell,Williams,zperez@example.com,Bellshire,Connecticut,India,2025-07-21
404,Dennis,Woods,reneemiller@example.net,Scotttown,Virginia,India,2023-10-11
405,Becky,Wilson,brooksjamie@example.com,Coxberg,Nevada,India,2026-07-08
406,Brenda,Green,ncunningham@example.com,Fischerchester,Oklahoma,India,2026-02-12
407,Timothy,Wood,tking@example.net,Kimfurt,West Virginia,India,2024-05-01
408,Melissa,Hopkins,seanlyons@example.org,East Williammouth,Oklahoma,India,2026-05-10
409,Heidi,Mann,paulfields@example.org,South Sara,Nevada,India,2024-02-13
410,Caleb,Walker,lynchjenny@example.com,Jenniferton,Wyoming,India,2024-06-28
411,Danielle,Gonzales,melissagalvan@example.net,Jameshaven,North Dakota,India,2026-09-19
412,Jesse,Jackson,warddiana@example.org,West Kimberlystad,Texas,India,2025-06-04
413,Richard,Gonzalez,mclaughlincasey@example.org,Jessicaside,Pennsylvania,India,2025-03-23
414,Michael,Ochoa,catherinelee@example.com,West Gregoryhaven,Connecticut,India,2026-02-13
415,Charles,Phillips,prattsue@example.net,Heatherfurt,Oregon,India,2025-10-20
416,Kayla,Todd,lmaldonado@example.org,Wilsonland,Missouri,India,2026-06-10
417,Kristina,Robinson,laurengutierrez@example.com,Lake Marilynbury,Maine,India,2024-02-21
418,Raymond,Goodman,charles27@example.com,Jefferyshire,Louisiana,India,2024-07-09
419,Stacey,Vega,victorgonzalez@example.net,Port Joseph,Iowa,India,2024-08-09
420,Mary,Huff,eric11@example.org,Austinside,Arizona,India,2025-10-18
421,Nathan,Stewart,travis84@example.com,Port Barbara,Arkansas,India,2025-12-24
422,Lauren,Mendoza,shawphillip@example.net,South Tiffany,Vermont,India,2025-12-13
423,Steve,Norris,craignicolas@example.org,Michaelview,Idaho,India,2026-01-29
424,Jose,Adams,michael76@example.org,Haynesstad,Mississippi,India,2025-06-13
425,Joshua,White,tiffanyparks@example.org,Lindaside,Nevada,India,2025-05-13
426,James,Marsh,thomassmith@example.com,Taylorhaven,Ohio,India,2025-02-01
427,Kristen,Evans,rosshannah@example.org,Port Jonathan,South Dakota,India,2024-02-26
428,Shannon,Cook,michael84@example.com,South Davidborough,Oregon,India,2026-03-12
429,Debra,Ryan,michael87@example.net,Prestonfurt,South Carolina,India,2024-12-18
430,Steven,Frye,daniellemcfarland@example.com,Sweeneyland,Colorado,India,2024-06-07
431,Matthew,Edwards,jennifer96@example.com,Normanstad,West Virginia,India,2026-03-29
432,Abigail,Cole,ivanjohnson@example.net,Lake Johnathan,West Virginia,India,2026-09-22
433,Kara,Clark,egarcia@example.com,North Kellihaven,Wisconsin,India,2024-02-06
434,Dalton,Montgomery,penanicole@example.com,East Joan,New Hampshire,India,2026-05-30
435,David,Rose,anthonyalvarado@example.com,Mcdonaldside,Louisiana,India,2026-01-29
436,Sean,Montes,brittanybryant@example.net,Millsside,Maryland,India,2025-03-22
437,Timothy,Perez,ramosmichael@example.com,West Alex,North Dakota,India,2024-04-28
438,Maurice,Harrison,wattstravis@example.com,Albertchester,Maine,India,2026-04-14
439,Jerry,Smith,jacob86@example.com,East Jennifer,Tennessee,India,2025-05-27
440,Maria,Walker,hendersonjohn@example.net,Justinside,Louisiana,India,2025-07-02
441,Jacob,Jones,keithwalsh@example.net,Nelsonfort,Illinois,India,2025-02-09
442,Andrew,Williams,lopezcurtis@example.com,Lake Samuel,Alabama,India,2024-09-25
443,Christopher,Smith,matthewcollins@example.com,Steventon,Michigan,India,2024-02-01
444,Megan,Lynn,adamsphilip@example.net,Whiteview,Missouri,India,2023-10-19
445,David,Tate,paulproctor@example.org,East Stevenville,North Dakota,India,2026-07-30
446,Tina,Kennedy,sharon20@example.net,West Timothyport,Illinois,India,2025-04-11
447,Paige,Boyer,teresayoung@example.com,Alexisview,Pennsylvania,India,2024-04-02
448,Randy,Sanchez,perkinshannah@example.net,West Kelli,Kansas,India,2024-05-31
449,Vincent,Parks,sarah00@example.com,Lake Amanda,Connecticut,India,2024-04-12
450,Tony,Stewart,linda73@example.org,Howardberg,Kentucky,India,2023-11-30
451,Todd,Kim,amy73@example.net,New Michael,Washington,India,2025-09-26
452,Joshua,Guerra,caseymoore@example.com,Ambermouth,Alabama,India,2026-06-17
453,William,Gross,harveymichael@example.net,West Jennifer,Texas,India,2026-01-14
454,Lori,Lee,jcannon@example.net,Marcusmouth,Delaware,India,2024-02-26
455,Alexandra,Jones,gregoryjohnson@example.org,Leeton,Oregon,India,2026-06-22
456,Mary,Barrett,brandon39@example.net,North Sarahborough,Tennessee,India,2025-11-01
457,Sarah,Collier,dowen@example.com,Shortton,South Carolina,India,2024-11-15
458,Allison,Navarro,christian38@example.org,Lake Jerryfurt,Illinois,India,2024-07-26
459,Alicia,Wright,angelagrant@example.net,Port Daniellestad,Utah,India,2025-09-11
460,Jacqueline,Simmons,jacksonhenry@example.com,Dianeside,Rhode Island,India,2025-08-18
461,Sarah,Orr,megan66@example.net,Charleneshire,Ohio,India,2024-08-27
462,Nicholas,Pierce,michael77@example.com,Lake Austinport,Rhode Island,India,2023-10-25
463,Zachary,Holder,adam33@example.com,Port Lynnview,Oklahoma,India,2025-12-02
464,Angela,Howe,clintonstevens@example.org,West Michael,Pennsylvania,India,2024-10-22
465,Jesse,Shepherd,duncanashley@example.org,Lake Markfort,Idaho,India,2025-10-27
466,Margaret,Norris,larsonkevin@example.net,Millerton,Wyoming,India,2025-03-02
467,Michael,Montoya,hconrad@example.org,Lake Kimberlyfurt,Arkansas,India,2025-01-15
468,Alice,Flores,markwolfe@example.org,Lake Jessicafurt,New Hampshire,India,2026-04-11
469,Barbara,Davis,matthewalvarez@example.net,New Raymondland,Montana,India,2025-11-17
470,Ryan,Wolfe,timothygonzalez@example.com,New Christina,West Virginia,India,2025-12-22
471,John,Jones,kmorris@example.org,Lake Robertstad,Minnesota,India,2024-07-21
472,Malik,Wheeler,carrillogary@example.com,Hansonmouth,Arizona,India,2024-09-26
473,James,Brooks,rodriguezbrian@example.net,Port Marissa,Maine,India,2023-10-21
474,Matthew,Brock,shannon05@example.org,East Amy,Wisconsin,India,2024-11-04
475,Ana,Dean,heatherbarnett@example.com,West Georgeport,Illinois,India,2026-09-16
476,Christine,Brown,jonesdonna@example.net,Michelletown,Maine,India,2026-07-04
477,Paul,Whitney,mckeetodd@example.net,East Jamesmouth,Oklahoma,India,2023-11-02
478,Bernard,Nielsen,matthew62@example.org,Gabriellestad,South Dakota,India,2025-01-11
479,Joel,Good,jeremiah56@example.net,North Jessica,North Dakota,India,2026-08-18
480,Cheyenne,Garrett,robertberry@example.com,Reneemouth,New Hampshire,India,2026-01-19
481,David,Delgado,michelleparker@example.net,South Wendy,Wyoming,India,2024-05-12
482,Diana,Cunningham,lonniegrant@example.net,East Lonnieberg,Washington,India,2023-11-14
483,Kathy,Beard,tali@example.com,Edwinborough,Connecticut,India,2024-04-21
484,Jack,Farmer,catherine93@example.net,East Grace,Minnesota,India,2024-01-31
485,Hailey,Woods,xjoseph@example.org,Henryberg,Hawaii,India,2024-07-26
486,Jeremy,Ortiz,schaeferstephanie@example.org,Port James,Idaho,India,2025-08-12
487,Michelle,Burns,michelle36@example.com,New Jillfurt,Washington,India,2025-01-28
488,Phillip,Crosby,meyershannon@example.org,New Amanda,West Virginia,India,2023-11-29
489,Angela,Black,leescott@example.com,Stevenchester,Maine,India,2026-05-09
490,Samantha,Vaughn,stevenlucas@example.org,East Kimberlyside,Florida,India,2025-06-01
491,Robert,Hayes,shawnmosley@example.org,Davismouth,Vermont,India,2026-07-03
492,Rebecca,Hogan,davisjasmin@example.net,Christopherfurt,Washington,India,2025-12-02
493,Cheryl,Moore,kwilliams@example.com,East Misty,Idaho,India,2023-12-18
494,Robert,Collins,lroberts@example.org,East Adam,Wisconsin,India,2024-10-27
495,Alexander,Jimenez,astephens@example.net,Youngshire,Texas,India,2025-10-07
496,Shawn,Ramos,sanchezamy@example.net,North Jack,Arkansas,India,2026-07-10
497,Michael,Thomas,estradamary@example.com,Samanthaton,Connecticut,India,2025-07-08
498,Victoria,Martin,cheryl99@example.net,South Kara,Mississippi,India,2023-11-24
499,Christopher,Evans,priscilla16@example.net,West Thomasville,Vermont,India,2024-11-29
500,Mark,Gutierrez,heathersalazar@example.org,South Jenniferport,Nevada,India,2026-05-02
