order_id,customer_id,order_date,status,total_amount
1,32,2025-03-16,completed,15632.46
2,443,2024-08-03,completed,4494.2
3,409,2025-07-27,cancelled,22195.12
4,292,2024-06-15,shipped,4480.79
5,53,2024-07-02,pending,25695.28
6,473,2024-09-11,completed,1201.66
7,319,2024-02-09,cancelled,10976.51
8,392,2024-12-24,completed,4111.44
9,232,2025-11-06,completed,7716.63
10,477,2024-12-25,completed,31189.01
11,222,2024-04-28,cancelled,18915.88
12,24,2024-02-09,completed,19709.49
13,423,2025-09-12,shipped,3534.46
14,379,2025-08-13,completed,8980.23
15,369,2025-03-22,completed,30068.88
16,199,2024-07-20,completed,6235.5
17,459,2024-12-04,completed,8409.69
18,12,2024-11-03,completed,27442.43
19,117,2025-07-21,completed,27023.96
20,417,2024-06-27,completed,13852.07
21,166,2024-11-07,completed,30386.99
22,267,2025-04-21,completed,6405.24
23,9,2024-06-22,completed,34555.02
24,17,2025-09-26,completed,22678.98
25,390,2024-08-18,cancelled,3834.9
26,16,2024-09-07,shipped,36370.73
27,318,2024-07-18,pending,22706.07
28,153,2025-11-02,completed,2539.12
29,260,2024-08-12,completed,8449.26
30,287,2025-04-12,completed,36785.01
31,144,2024-11-20,shipped,26569.15
32,279,2025-07-15,completed,22775.86
33,345,2025-04-05,completed,12320.51
34,418,2025-06-17,completed,5894.78
35,174,2024-03-20,pending,10402.36
36,241,2024-11-23,cancelled,2247.1
37,167,2024-06-03,completed,4594.76
38,329,2024-03-06,completed,22261.18
39,3,2024-03-04,completed,25333.55
40,262,2025-08-12,completed,7186.9
41,212,2024-11-01,pending,41678.49
42,316,2025-09-09,cancelled,23975.01
43,408,2024-01-30,completed,9451.05
44,300,2025-09-29,completed,29705.13
45,455,2024-03-26,completed,12883.95
46,474,2024-02-21,completed,9193.41
47,437,2024-12-11,pending,14638.76
48,51,2025-04-26,completed,26558.09
49,162,2025-10-29,completed,600.83
50,299,2024-07-23,cancelled,21267.9
51,73,2024-04-27,completed,16542.36
52,178,2024-09-19,pending,6849.78
53,394,2024-04-27,pending,1489.34
54,450,2025-08-15,completed,20019.31
55,286,2025-02-10,shipped,5742.48
56,334,2025-12-08,cancelled,16856.52
57,139,2024-11-04,cancelled,26217.82
58,411,2025-03-14,completed,3292.89
59,26,2025-10-25,completed,18843.35
60,12,2025-10-12,cancelled,13160.05
61,455,2025-06-18,shipped,24152.18
62,303,2025-04-21,completed,16824.95
63,118,2025-04-06,completed,17721.87
64,177,2024-12-10,completed,4358.89
65,119,2024-12-29,pending,16412.37
66,142,2024-10-09,completed,23454.89
67,321,2025-05-15,completed,19657.94
68,308,2025-10-23,pending,9207.04
69,366,2025-02-18,completed,18273.4
70,32,2025-04-29,completed,14458.11
71,19,2024-12-04,completed,15934.26
72,61,2024-05-03,pending,6164.91
73,160,2025-12-07,completed,12859.56
74,181,2024-10-10,pending,12051.96
75,278,2024-08-20,completed,16504.17
76,75,2024-05-09,completed,3449.28
77,248,2024-10-26,completed,4090.44
78,58,2024-04-15,cancelled,19440.36
79,205,2024-07-07,shipped,7534.25
80,72,2025-02-14,completed,23323.59
81,342,2025-07-30,shipped,1836.06
82,81,2024-05-01,completed,28690.02
83,212,2025-06-19,completed,24234.18
84,268,2025-08-05,completed,6228.14
85,369,2024-09-27,completed,3394.55
86,358,2025-07-19,completed,2360.32
87,323,2025-04-06,completed,8295.77
88,444,2025-12-24,completed,10693.54
89,443,2025-10-02,completed,8112.37
90,229,2025-07-11,completed,2771.4
91,430,2024-03-14,completed,26362.2
92,49,2024-10-22,completed,26357.49
93,220,2024-10-05,completed,11198.18
94,487,2025-03-18,pending,10542.38
95,217,2025-08-12,completed,13225.26
96,28,2024-10-02,completed,3351.64
97,62,2025-10-29,completed,13495.63
98,467,2025-10-12,cancelled,1697.82
99,165,2024-12-22,completed,15885.9
100,391,2024-12-03,completed,12182.57
101,481,2024-02-07,completed,5091.26
102,337,2025-02-17,cancelled,1944.54
103,161,2025-07-09,completed,486.12
104,451,2025-06-14,completed,15359.1
105,253,2024-09-30,completed,16922.09
106,241,2024-05-04,completed,20327.32
107,404,2024-01-15,completed,4848.08
108,96,2024-04-26,completed,2546.73
109,101,2024-06-06,completed,14574.81
110,125,2025-03-01,cancelled,18498.41
111,156,2025-01-27,completed,23761.94
112,310,2025-02-28,completed,37524.74
113,355,2025-08-24,completed,14725.84
114,490,2024-12-19,completed,23993.93
115,115,2024-09-01,completed,9527.3
116,72,2024-11-21,pending,27682.07
117,261,2025-05-22,shipped,17332.2
118,36,2024-12-05,cancelled,13595.69
119,428,2024-05-27,completed,11741.21
120,118,2024-09-28,completed,22893.36
121,332,2025-06-30,completed,9406.94
122,139,2025-07-08,completed,447.2
123,80,2025-10-08,completed,7313.58
124,233,2025-03-20,shipped,7351.38
125,152,2024-06-19,completed,4680.06
126,37,2024-11-28,pending,23315.06
127,120,2024-05-29,completed,12318.24
128,40,2024-06-28,completed,30772.41
129,148,2025-08-20,completed,14235.34
130,465,2025-11-13,completed,22811.51
131,34,2024-03-16,completed,23630.09
132,429,2025-03-10,completed,17453.78
133,182,2024-04-19,completed,23559.4
134,3,2024-01-23,shipped,18252.76
135,312,2024-02-20,shipped,25223.21
136,127,2024-08-12,completed,22346.84
137,72,2024-05-20,completed,6909.22
138,248,2025-03-27,completed,10273.65
139,286,2024-10-29,completed,14526.91
140,416,2025-01-09,completed,9687.7
141,316,2024-10-29,pending,6140.57
142,326,2024-05-24,pending,12488.61
143,225,2025-11-21,shipped,19123.83
144,391,2025-07-03,completed,28363.65
145,464,2024-09-25,completed,7068.83
146,484,2025-04-27,completed,22873.18
147,130,2025-10-12,cancelled,13933.38
148,259,2024-05-23,completed,5193.36
149,59,2025-05-19,completed,2490.97
150,470,2025-02-01,completed,36432.32
151,174,2025-02-28,completed,21123.24
152,352,2025-12-07,completed,11224.0
153,402,2025-12-03,completed,10800.5
154,302,2024-07-13,shipped,28899.13
155,73,2025-10-16,completed,4459.59
156,430,2024-12-07,completed,2233.76
157,341,2024-03-11,cancelled,24745.4
158,119,2024-05-31,pending,16252.9
159,191,2024-09-13,pending,13225.26
160,496,2024-01-27,completed,10467.67
161,272,2024-01-17,completed,786.89
162,54,2025-03-07,completed,4460.7
163,328,2025-04-04,pending,20505.78
164,391,2025-09-21,completed,25598.26
165,48,2025-05-05,cancelled,22775.72
166,298,2025-03-30,completed,1104.52
167,465,2025-09-14,completed,19971.99
168,111,2025-10-10,completed,18284.75
169,283,2024-10-28,completed,11903.46
170,341,2025-10-28,cancelled,13411.57
171,147,2025-02-27,completed,18250.9
172,83,2024-11-16,completed,11264.31
173,157,2025-04-30,completed,135.24
174,449,2025-03-18,completed,6023.65
175,237,2025-08-23,shipped,26779.86
176,190,2025-11-12,shipped,22245.26
177,336,2024-11-15,completed,30201.0
178,142,2024-08-17,cancelled,17444.4
179,196,2024-10-12,completed,13094.31
180,290,2025-10-20,completed,17159.87
181,442,2024-10-06,pending,8966.89
182,136,2024-07-04,cancelled,28530.79
183,30,2025-10-10,shipped,10300.17
184,202,2025-06-27,completed,12971.16
185,436,2024-11-15,pending,19772.09
186,482,2025-09-24,completed,6169.48
187,394,2025-03-29,completed,27821.1
188,478,2024-08-08,pending,6169.48
189,470,2025-03-16,completed,17121.62
190,75,2024-08-13,completed,14344.65
191,128,2024-05-20,pending,17340.37
192,303,2025-05-24,pending,3208.56
193,80,2025-06-29,pending,18942.54
194,5,2024-02-13,completed,11571.18
195,214,2025-08-10,completed,16459.18
196,236,2024-11-28,completed,30307.54
197,466,2024-04-18,completed,15315.59
198,18,2024-12-13,completed,4364.2
199,377,2025-10-10,completed,12393.69
200,402,2024-05-31,completed,4423.52
201,456,2024-06-26,completed,519.7
202,478,2025-10-05,completed,23944.3
203,294,2025-10-12,shipped,14054.62
204,421,2025-03-26,completed,16880.22
205,414,2024-02-27,completed,4308.4
206,431,2025-04-17,completed,4345.48
207,175,2024-10-20,completed,3425.61
208,374,2025-08-31,completed,14100.67
209,280,2025-04-05,shipped,24040.35
210,37,2025-05-28,completed,5873.4
211,31,2024-04-15,cancelled,23503.85
212,471,2025-10-23,completed,3988.7
213,113,2025-03-25,completed,23387.65
214,130,2025-02-22,pending,20382.61
215,368,2024-12-03,completed,15095.9
216,276,2025-09-09,cancelled,27138.85
217,67,2024-05-24,shipped,21452.91
218,113,2025-02-05,completed,6831.66
219,102,2025-07-26,completed,16832.75
220,219,2025-12-02,shipped,6462.6
221,470,2025-11-17,completed,4873.93
222,282,2024-07-03,shipped,11437.43
223,430,2024-05-20,completed,17715.48
224,322,2025-06-23,completed,9087.94
225,448,2025-01-20,completed,15689.43
226,140,2024-06-18,pending,8919.18
227,58,2025-01-08,completed,13200.04
228,216,2024-10-18,pending,26907.21
229,370,2025-04-25,shipped,11537.6
230,98,2025-08-07,shipped,18839.52
231,384,2025-03-04,shipped,2926.34
232,105,2024-09-13,completed,15588.59
233,8,2025-06-12,cancelled,17039.03
234,72,2025-04-05,shipped,6913.58
235,57,2024-08-15,cancelled,9575.75
236,356,2025-02-09,completed,9442.19
237,312,2025-01-18,completed,14228.02
238,95,2024-12-09,pending,7926.39
239,125,2025-04-28,completed,3853.89
240,238,2025-04-04,completed,1273.32
241,338,2024-09-19,completed,15257.49
242,316,2025-09-15,completed,1600.14
243,124,2024-08-31,completed,3593.45
244,288,2025-03-05,completed,27687.35
245,414,2025-07-02,completed,17203.17
246,275,2025-03-15,completed,9021.8
247,199,2024-07-10,completed,1376.94
248,61,2025-01-04,completed,21562.56
249,443,2025-02-03,cancelled,2546.73
250,307,2025-01-31,shipped,6043.35
251,490,2024-03-10,completed,5508.18
252,40,2024-12-06,completed,17940.25
253,192,2024-06-28,cancelled,33317.43
254,40,2024-05-18,completed,6404.47
255,397,2024-07-23,cancelled,31552.02
256,217,2025-07-10,completed,10300.17
257,25,2024-07-14,completed,948.09
258,111,2024-12-05,completed,15659.14
259,287,2025-03-26,cancelled,21758.13
260,59,2025-05-24,completed,21975.77
261,469,2025-03-16,completed,9078.78
262,241,2024-11-24,completed,16118.37
263,242,2025-04-01,completed,13081.25
264,28,2025-04-02,completed,18403.01
265,138,2025-10-16,shipped,4848.08
266,130,2025-11-18,completed,23577.66
267,298,2024-06-12,shipped,4049.61
268,170,2025-03-24,completed,1434.51
269,130,2025-10-22,completed,18312.22
270,402,2025-11-26,completed,5563.53
271,337,2025-08-10,completed,13564.47
272,283,2024-10-12,completed,4336.79
273,459,2024-07-09,completed,13784.46
274,35,2025-12-21,completed,16997.54
275,236,2024-05-18,cancelled,25257.8
276,121,2025-11-29,shipped,22936.08
277,329,2024-03-07,completed,17987.61
278,288,2025-12-27,shipped,17729.28
279,287,2024-08-17,completed,4453.84
280,348,2025-05-20,completed,31637.64
281,422,2025-09-18,cancelled,1296.36
282,199,2025-02-11,shipped,26273.98
283,229,2024-03-16,completed,11386.26
284,193,2025-04-22,completed,14289.23
285,293,2025-08-24,completed,11734.24
286,233,2024-02-26,cancelled,18975.41
287,137,2025-12-27,completed,7169.84
288,465,2025-07-18,completed,13630.61
289,390,2025-05-29,completed,22122.95
290,396,2025-09-11,completed,5635.75
291,358,2025-08-13,completed,17305.84
292,160,2025-09-24,completed,14295.04
293,394,2024-11-05,completed,17710.97
294,450,2024-03-02,completed,15115.93
295,417,2025-09-13,completed,14144.23
296,220,2024-05-13,pending,22173.8
297,314,2024-05-05,completed,6295.65
298,360,2024-02-21,completed,11647.02
299,433,2024-12-01,shipped,16390.06
300,376,2025-06-11,completed,8929.05
301,69,2025-02-06,completed,1837.07
302,147,2024-12-27,completed,9730.04
303,66,2025-11-19,completed,17530.15
304,197,2025-01-09,pending,4657.98
305,235,2025-08-06,completed,7142.78
306,459,2025-01-30,completed,30842.06
307,173,2024-05-11,shipped,29859.07
308,57,2024-05-27,completed,15561.28
309,292,2024-05-20,pending,14062.02
310,315,2025-06-11,completed,19991.9
311,253,2024-11-02,completed,19919.5
312,33,2024-11-02,completed,5606.46
313,340,2024-12-05,completed,22869.99
314,273,2025-10-06,completed,38449.54
315,476,2024-08-21,pending,27483.47
316,273,2025-09-26,pending,12952.45
317,323,2025-08-09,shipped,1141.87
318,384,2024-01-20,completed,26509.33
319,275,2025-02-24,completed,35062.17
320,47,2024-05-21,completed,24691.75
321,194,2024-11-17,shipped,30663.74
322,428,2025-11-23,pending,12721.42
323,147,2024-09-09,completed,14547.71
324,350,2025-12-22,completed,15491.74
325,127,2024-10-07,completed,19309.11
326,462,2024-05-29,completed,13712.15
327,142,2025-03-28,completed,9746.59
328,330,2025-07-29,completed,14538.03
329,334,2025-08-23,completed,3513.99
330,262,2025-06-27,completed,1833.08
331,208,2025-02-27,completed,14735.12
332,357,2025-07-17,shipped,4876.6
333,315,2025-05-02,completed,10440.92
334,136,2024-10-19,completed,13010.37
335,227,2025-08-10,completed,3233.19
336,452,2025-03-03,cancelled,10450.83
337,309,2025-05-22,completed,10201.35
338,37,2025-08-04,completed,12442.17
339,261,2025-07-10,completed,7750.97
340,32,2024-10-06,completed,5606.46
341,329,2024-06-15,pending,11088.51
342,100,2024-12-11,pending,28279.9
343,200,2025-02-19,cancelled,20753.83
344,311,2024-07-08,shipped,7521.15
345,96,2025-01-27,completed,12922.77
346,168,2025-08-09,completed,10724.59
347,172,2025-11-14,completed,8800.73
348,105,2025-05-29,shipped,22673.79
349,253,2024-10-29,completed,1556.61
350,346,2025-05-04,completed,23187.58
351,192,2025-07-04,cancelled,12907.05
352,402,2025-09-02,cancelled,13096.62
353,62,2025-04-02,completed,19594.16
354,70,2024-03-04,cancelled,24355.78
355,58,2024-12-01,cancelled,13158.39
356,377,2025-08-20,completed,31195.68
357,424,2025-03-01,completed,3819.96
358,91,2025-04-18,completed,18943.29
359,261,2024-09-17,cancelled,12798.39
360,145,2024-02-16,completed,13010.37
361,29,2024-03-02,shipped,4460.7
362,295,2024-02-02,completed,14774.61
363,147,2025-10-23,shipped,16839.0
364,447,2025-01-19,completed,15527.97
365,81,2025-07-04,completed,5241.71
366,110,2024-01-04,pending,26942.25
367,172,2025-07-11,completed,8127.69
368,152,2024-06-07,completed,2154.2
369,386,2025-11-07,completed,447.2
370,383,2024-07-30,completed,35777.37
371,150,2024-02-19,completed,5986.82
372,140,2025-03-25,completed,2293.01
373,71,2025-05-30,shipped,19965.75
374,172,2024-11-22,completed,9156.9
375,170,2025-11-07,completed,21718.29
376,344,2025-08-28,cancelled,15449.19
377,220,2025-03-13,completed,972.24
378,454,2025-10-20,completed,24410.53
379,367,2024-11-03,completed,20709.26
380,152,2024-05-27,cancelled,8409.69
381,288,2025-02-26,shipped,25688.76
382,337,2024-07-27,completed,760.22
383,469,2025-01-14,completed,10691.57
384,103,2025-01-21,completed,16647.44
385,316,2025-11-18,completed,11167.97
386,184,2024-08-04,shipped,14544.24
387,473,2025-05-05,shipped,25653.28
388,177,2024-11-25,pending,26032.19
389,497,2024-11-11,completed,31288.43
390,282,2024-11-23,shipped,15559.35
391,396,2025-07-30,cancelled,4307.75
392,447,2025-07-20,shipped,27882.81
393,361,2024-12-03,completed,39642.23
394,55,2024-12-11,completed,16648.33
395,145,2025-04-16,completed,16046.56
396,266,2025-07-13,completed,29044.68
397,470,2025-11-15,completed,2066.02
398,332,2024-05-20,cancelled,13048.57
399,481,2024-06-03,completed,17459.46
400,4,2025-11-13,shipped,25908.35
401,409,2025-06-28,completed,1033.01
402,73,2025-06-26,pending,24079.77
403,74,2025-03-16,cancelled,4649.72
404,241,2025-06-20,completed,3554.37
405,443,2024-09-15,cancelled,4155.81
406,77,2025-02-19,completed,14020.48
407,257,2024-11-03,completed,1656.78
408,218,2025-10-27,pending,7732.26
409,234,2025-01-23,completed,7596.09
410,192,2024-06-24,completed,11843.54
411,411,2025-06-24,shipped,15325.05
412,439,2025-08-03,completed,1324.05
413,397,2025-12-01,shipped,18812.7
414,100,2024-01-17,shipped,22622.85
415,296,2024-06-15,completed,29762.09
416,1,2024-05-23,pending,14102.28
417,473,2024-12-20,completed,13241.02
418,215,2025-09-20,shipped,16913.84
419,324,2025-04-06,completed,12264.72
420,357,2024-07-09,completed,20621.83
421,94,2025-12-31,completed,21347.77
422,374,2025-10-11,completed,13656.89
423,217,2024-01-06,shipped,20162.65
424,341,2024-03-30,completed,16698.8
425,266,2024-04-15,completed,4668.03
426,99,2025-09-04,pending,9359.13
427,473,2024-03-27,pending,37435.97
428,445,2025-01-24,completed,13962.92
429,22,2024-05-29,completed,23970.16
430,251,2024-03-19,completed,22192.71
431,133,2025-05-22,completed,5784.75
432,268,2024-05-18,completed,18757.43
433,326,2025-03-26,completed,14309.6
434,386,2024-07-24,completed,6937.66
435,87,2024-10-25,pending,14190.88
436,425,2024-10-14,cancelled,10094.96
437,337,2025-08-29,shipped,21643.83
438,202,2024-01-28,shipped,11501.33
439,364,2025-12-10,completed,10632.46
440,291,2024-11-06,completed,9800.25
441,177,2025-01-21,completed,37842.45
442,349,2025-12-09,completed,7962.38
443,416,2025-12-19,cancelled,13776.06
444,437,2025-11-04,completed,10631.16
445,111,2024-02-15,completed,15670.96
446,318,2024-04-10,completed,24006.21
447,196,2025-08-12,completed,20329.58
448,369,2025-08-25,completed,10994.06
449,79,2025-05-09,completed,12931.91
450,458,2024-12-22,completed,23301.32
451,462,2025-05-02,completed,13364.47
452,312,2025-12-28,completed,12074.56
453,286,2024-06-17,shipped,6262.05
454,311,2025-07-19,completed,21886.9
455,38,2024-07-07,completed,15952.22
456,149,2024-07-21,completed,15971.26
457,114,2024-07-29,completed,3665.43
458,343,2024-04-14,pending,23294.85
459,360,2024-04-26,completed,15297.73
460,440,2025-02-01,completed,15423.88
461,24,2024-06-25,cancelled,20646.18
462,58,2025-11-19,completed,519.7
463,448,2024-11-08,completed,18833.35
464,342,2025-02-01,completed,8316.4
465,322,2025-03-09,completed,31329.92
466,107,2025-05-16,completed,19144.36
467,200,2025-09-26,completed,4315.52
468,233,2024-07-18,cancelled,36983.26
469,268,2025-05-18,completed,14859.64
470,31,2024-02-01,pending,5396.52
471,117,2024-10-08,completed,18897.38
472,105,2025-05-22,completed,3425.61
473,107,2024-04-26,completed,25308.82
474,320,2025-07-13,completed,13008.94
475,485,2024-10-31,cancelled,8118.62
476,118,2024-09-26,completed,2581.38
477,428,2024-04-30,pending,7539.96
478,210,2025-08-25,completed,14726.76
479,155,2024-07-30,cancelled,14102.28
480,477,2024-12-25,completed,26907.23
481,278,2024-10-23,completed,9598.31
482,56,2024-10-10,cancelled,4880.52
483,499,2024-09-12,completed,11762.8
484,434,2025-05-16,completed,20400.17
485,287,2025-04-07,completed,2546.64
486,405,2025-06-11,pending,11326.14
487,470,2025-08-18,completed,1458.36
488,271,2025-04-14,completed,8300.17
489,88,2024-08-11,shipped,10369.1
490,105,2024-11-26,cancelled,11119.98
491,396,2025-08-02,cancelled,14517.31
492,251,2024-04-11,completed,10070.94
493,145,2025-04-12,completed,23945.78
494,385,2024-11-05,completed,22959.76
495,323,2024-09-13,completed,3062.21
496,180,2025-10-02,completed,8221.28
497,106,2024-04-03,pending,2993.41
498,170,2025-05-03,completed,17093.68
499,211,2024-01-09,completed,3970.72
500,178,2025-12-11,completed,3084.74
501,485,2025-01-27,completed,1873.78
502,185,2024-11-16,completed,6786.37
503,213,2025-10-18,shipped,3640.77
504,180,2025-07-30,completed,15350.96
505,308,2024-08-06,completed,8290.02
506,441,2025-12-04,completed,2148.88
507,441,2024-05-23,pending,24997.76
508,150,2024-05-23,completed,2803.23
509,320,2025-07-20,completed,19129.84
510,294,2024-07-29,completed,37676.73
511,428,2024-02-25,pending,11263.02
512,7,2024-04-25,completed,17684.79
513,107,2024-05-15,completed,37421.32
514,443,2025-04-27,shipped,347.88
515,198,2025-08-24,completed,1247.69
516,425,2025-02-11,completed,15592.6
517,56,2025-10-17,completed,16716.61
518,26,2025-06-07,shipped,18532.32
519,47,2025-02-04,completed,2066.02
520,344,2025-12-16,completed,7946.99
521,79,2024-03-29,shipped,7077.84
522,297,2025-09-18,completed,7444.02
523,26,2024-06-28,completed,9590.17
524,4,2024-06-16,completed,6828.87
525,99,2024-09-22,completed,16688.28
526,161,2024-04-30,pending,1498.08
527,146,2025-03-15,completed,695.76
528,362,2025-12-30,shipped,8673.58
529,76,2025-04-11,completed,757.42
530,91,2025-08-03,completed,2919.63
531,315,2025-08-10,completed,552.26
532,457,2025-06-05,completed,648.18
533,454,2024-02-17,completed,14211.47
534,281,2025-11-02,completed,13777.58
535,375,2024-11-23,completed,3972.15
536,51,2025-01-16,completed,2340.4
537,324,2024-08-16,cancelled,1104.52
538,210,2024-03-11,cancelled,13076.12
539,162,2025-07-20,completed,17474.57
540,462,2024-11-07,pending,7105.96
541,121,2025-08-28,shipped,8801.07
542,300,2024-09-08,completed,8239.12
543,144,2025-10-13,cancelled,5193.36
544,399,2024-01-02,pending,18530.5
545,475,2024-07-29,completed,1768.56
546,464,2024-03-02,shipped,7602.51
547,96,2024-04-05,completed,9525.08
548,103,2025-12-18,cancelled,10101.46
549,268,2025-06-01,completed,24735.25
550,500,2025-03-21,completed,9402.45
551,195,2024-09-24,cancelled,24968.14
552,204,2025-04-08,completed,786.89
553,63,2024-05-19,pending,7748.14
554,213,2025-04-22,completed,12958.2
555,219,2025-01-01,shipped,8329.68
556,153,2025-04-19,completed,2230.35
557,372,2024-06-10,cancelled,36835.14
558,317,2024-02-11,completed,7058.4
559,378,2024-09-11,shipped,29947.17
560,179,2024-09-23,cancelled,6137.75
561,293,2025-04-08,completed,10584.21
562,91,2024-05-04,completed,1238.61
563,241,2025-02-14,completed,2575.5
564,336,2025-08-23,completed,519.7
565,321,2024-03-07,completed,12225.85
566,52,2024-02-13,shipped,2936.7
567,98,2025-08-10,completed,29596.41
568,439,2025-03-12,completed,9990.13
569,370,2024-10-13,completed,6109.46
570,410,2025-09-26,completed,12419.46
571,152,2025-05-05,completed,11276.39
572,477,2024-07-23,completed,30996.97
573,126,2025-12-31,completed,26539.15
574,278,2025-02-01,completed,3672.12
575,493,2025-09-03,completed,16784.45
576,450,2025-01-01,pending,4983.32
577,371,2024-09-10,completed,23300.67
578,490,2024-08-12,completed,15513.57
579,274,2025-08-29,completed,9681.99
580,249,2025-12-18,completed,29328.54
581,11,2025-07-09,completed,12635.15
582,445,2025-09-08,completed,14236.94
583,311,2024-05-13,completed,8749.27
584,114,2024-01-23,completed,19266.81
585,198,2025-01-08,shipped,13047.81
586,231,2025-08-23,completed,11917.84
587,105,2025-03-23,pending,25963.25
588,346,2025-07-29,completed,26465.01
589,381,2025-01-22,completed,15482.17
590,114,2024-01-02,shipped,19572.07
591,79,2024-11-21,shipped,24507.84
592,408,2024-05-24,completed,4291.06
593,352,2024-12-21,shipped,14851.32
594,312,2025-12-26,completed,7914.73
595,43,2024-08-02,completed,8582.12
596,452,2024-09-19,pending,914.92
597,211,2025-01-30,completed,27279.34
598,229,2024-12-25,completed,2299.52
599,379,2025-08-14,completed,9274.41
600,419,2024-03-16,pending,1039.4
601,275,2024-01-21,completed,135.24
602,181,2024-12-16,completed,32872.18
603,109,2024-04-05,completed,29452.31
604,50,2024-06-17,completed,7284.93
605,210,2024-07-29,shipped,37081.44
606,167,2025-07-07,completed,9437.5
607,408,2024-02-20,completed,15474.82
608,345,2025-03-13,completed,17454.91
609,111,2024-06-23,completed,2581.38
610,17,2024-04-28,completed,20684.48
611,79,2024-04-03,completed,20872.7
612,128,2024-07-10,completed,14472.38
613,410,2024-08-19,cancelled,9982.05
614,196,2024-03-28,completed,28036.18
615,221,2025-01-31,cancelled,32554.08
616,437,2024-08-29,completed,5875.96
617,55,2024-02-05,completed,37166.32
618,244,2025-04-04,completed,2332.76
619,254,2024-05-09,completed,4386.21
620,289,2025-03-21,completed,11170.51
621,119,2024-11-23,shipped,1141.87
622,289,2025-02-01,completed,26889.08
623,359,2025-12-18,completed,23508.15
624,247,2025-08-03,completed,800.07
625,65,2025-07-30,pending,16295.03
626,382,2024-09-27,completed,24458.78
627,142,2024-06-25,completed,11126.28
628,44,2025-11-28,completed,3672.12
629,239,2024-12-05,completed,6197.13
630,13,2025-05-01,shipped,8430.66
631,460,2024-11-14,completed,5083.39
632,280,2024-05-17,completed,21338.16
633,474,2025-09-11,completed,7896.61
634,2,2025-02-20,pending,19973.06
635,376,2024-11-14,pending,15289.39
636,297,2024-06-26,completed,1645.39
637,347,2024-02-03,completed,10385.83
638,231,2025-01-12,cancelled,25215.29
639,282,2024-09-04,completed,38380.61
640,61,2024-12-24,completed,18883.34
641,385,2024-10-18,completed,552.26
642,230,2025-08-08,pending,7352.2
643,473,2024-08-18,completed,15414.92
644,3,2024-01-21,cancelled,1296.36
645,385,2024-05-15,completed,28970.11
646,46,2025-12-30,shipped,16019.22
647,395,2025-04-15,completed,17248.21
648,411,2025-02-10,completed,7021.2
649,257,2025-11-09,shipped,19605.87
650,137,2025-09-15,completed,1498.08
651,458,2024-03-06,completed,25705.38
652,127,2024-09-24,completed,11708.43
653,406,2024-09-03,cancelled,12932.57
654,431,2024-01-27,completed,7124.18
655,339,2025-02-01,pending,22861.83
656,148,2025-12-31,completed,16558.34
657,136,2024-11-03,cancelled,15950.42
658,6,2024-09-21,pending,14978.94
659,139,2024-08-15,completed,10789.18
660,118,2024-09-23,completed,18856.95
661,285,2025-08-20,completed,7658.63
662,370,2025-11-28,completed,4408.48
663,93,2024-05-20,shipped,19487.79
664,303,2024-05-26,completed,4953.43
665,141,2024-12-06,completed,5382.77
666,22,2024-02-29,completed,12779.96
667,261,2024-06-11,completed,1097.63
668,93,2025-09-21,completed,33348.16
669,357,2024-01-05,completed,1218.57
670,110,2024-01-15,cancelled,22500.65
671,422,2024-09-11,completed,11243.8
672,439,2025-01-27,completed,3102.15
673,265,2024-11-01,shipped,37321.47
674,216,2024-12-11,completed,11362.8
675,467,2025-01-02,pending,1956.11
676,475,2024-08-21,completed,17279.41
677,411,2024-01-23,completed,8978.77
678,172,2025-12-29,completed,5153.0
679,361,2025-10-17,completed,39799.06
680,87,2024-04-20,completed,3818.16
681,443,2025-12-07,completed,16986.83
682,167,2025-04-30,pending,20118.84
683,498,2025-10-07,completed,29936.31
684,42,2024-10-03,completed,1897.19
685,389,2025-06-07,pending,1296.36
686,73,2024-04-26,pending,23477.33
687,142,2025-06-19,shipped,25337.71
688,482,2024-06-13,completed,17189.18
689,94,2024-08-28,completed,4319.4
690,81,2025-08-10,completed,3880.99
691,6,2024-03-17,pending,9724.5
692,230,2025-10-21,completed,16238.48
693,15,2024-04-12,cancelled,9784.24
694,248,2025-01-03,cancelled,19235.6
695,361,2024-04-07,cancelled,3818.16
696,439,2024-05-21,completed,8592.12
697,403,2025-03-24,shipped,13691.32
698,267,2024-12-16,completed,15339.2
699,469,2025-12-07,cancelled,11375.65
700,497,2025-12-13,pending,5104.18
701,454,2025-08-27,completed,20200.12
702,113,2025-01-02,completed,10229.16
703,141,2024-04-25,cancelled,20160.38
704,26,2024-11-17,completed,19870.55
705,84,2025-11-16,cancelled,34772.26
706,193,2025-03-19,completed,10033.58
707,6,2025-11-10,completed,22150.63
708,65,2024-01-12,completed,8235.22
709,454,2025-05-22,cancelled,2636.84
710,106,2024-11-24,completed,15509.09
711,223,2025-07-17,completed,25071.79
712,87,2025-08-09,completed,12177.39
713,457,2025-10-31,completed,15620.95
714,458,2024-01-01,cancelled,28808.37
715,323,2024-07-30,completed,6606.95
716,494,2025-04-10,completed,33060.04
717,21,2025-04-08,completed,7454.11
718,362,2024-12-29,cancelled,15629.18
719,184,2025-12-19,completed,4348.18
720,495,2025-02-23,completed,9718.07
721,214,2025-04-13,cancelled,23225.55
722,224,2024-04-20,pending,3667.02
723,315,2025-11-19,completed,15125.43
724,308,2024-05-17,shipped,1043.64
725,178,2024-02-19,completed,28254.24
726,134,2025-12-09,completed,2943.49
727,426,2025-11-04,completed,10701.3
728,184,2025-09-15,shipped,14604.22
729,424,2024-12-17,shipped,13761.84
730,458,2025-12-17,cancelled,34944.38
731,304,2025-07-20,completed,9710.11
732,24,2024-10-24,completed,9268.26
733,290,2024-07-01,completed,17065.27
734,222,2025-07-29,completed,39039.24
735,474,2025-06-30,completed,6281.03
736,236,2025-01-25,completed,3372.53
737,85,2024-09-30,pending,12417.11
738,487,2024-09-13,completed,5870.91
739,326,2024-10-29,completed,26978.69
740,455,2025-11-22,pending,5430.51
741,302,2025-07-28,completed,21929.13
742,454,2025-01-25,completed,13234.71
743,25,2024-09-14,completed,15272.58
744,495,2025-10-25,completed,19370.73
745,348,2024-07-17,completed,12137.92
746,488,2024-07-10,shipped,22438.67
747,4,2025-07-23,completed,8700.99
748,223,2024-01-06,completed,7217.65
749,178,2024-11-26,completed,19218.44
750,446,2025-01-01,completed,18435.57
751,179,2025-06-17,completed,23808.13
752,35,2024-04-04,completed,6075.96
753,408,2024-12-05,completed,15333.66
754,124,2025-05-01,shipped,2936.7
755,328,2025-11-15,completed,21330.54
756,474,2025-09-28,completed,2360.67
757,467,2024-11-24,completed,2924.14
758,172,2024-09-19,completed,12389.91
759,462,2025-06-10,cancelled,24995.64
760,121,2024-07-16,completed,4336.79
761,56,2024-06-20,shipped,27489.49
762,115,2025-11-17,completed,4766.47
763,64,2024-04-16,completed,37209.12
764,339,2024-06-06,completed,9885.55
765,106,2024-02-25,completed,24321.68
766,374,2024-08-21,shipped,29493.84
767,45,2025-03-19,completed,10422.66
768,400,2025-10-18,pending,436.95
769,391,2025-08-22,completed,4460.7
770,10,2025-05-29,completed,17607.36
771,327,2025-03-24,completed,6466.38
772,256,2024-06-09,completed,11938.58
773,69,2025-07-12,completed,10233.66
774,332,2025-10-25,completed,5956.08
775,436,2025-07-22,completed,4059.31
776,19,2025-08-09,completed,25714.16
777,197,2024-12-18,completed,13024.35
778,60,2024-09-15,completed,16069.38
779,245,2024-02-25,cancelled,30464.36
780,263,2025-11-18,completed,1462.07
781,140,2025-08-17,completed,18451.67
782,336,2025-11-02,completed,16201.07
783,81,2024-11-21,completed,21006.95
784,209,2025-12-11,completed,21803.74
785,127,2024-01-05,completed,12516.51
786,39,2025-10-18,completed,14742.06
787,204,2024-12-05,cancelled,29017.36
788,177,2025-07-18,completed,7424.2
789,389,2024-09-26,pending,1802.49
790,283,2024-03-18,cancelled,18663.82
791,419,2025-08-27,completed,3449.28
792,289,2024-09-23,completed,19237.62
793,29,2024-08-16,cancelled,22614.29
794,153,2025-06-06,completed,7588.9
795,395,2024-09-01,cancelled,19265.4
796,301,2024-06-12,completed,22118.94
797,209,2025-01-02,completed,17498.81
798,88,2024-08-27,completed,5599.08
799,299,2025-02-01,completed,18737.56
800,156,2024-04-15,pending,39141.99
801,379,2025-07-11,completed,26207.24
802,2,2025-10-31,cancelled,2400.21
803,227,2024-09-14,completed,13171.63
804,173,2024-12-27,cancelled,17634.86
805,304,2024-01-07,completed,3012.86
806,321,2024-08-23,completed,3568.09
807,407,2024-06-10,completed,3099.03
808,117,2024-08-23,completed,16211.62
809,11,2025-11-22,completed,18092.19
810,32,2025-10-24,cancelled,4892.12
811,164,2024-02-14,completed,10972.82
812,405,2025-08-09,completed,10171.7
813,79,2025-06-13,shipped,27629.13
814,91,2025-11-08,cancelled,1873.78
815,339,2025-04-04,completed,15763.59
816,303,2025-09-07,completed,14323.96
817,413,2024-06-20,pending,9831.91
818,180,2024-03-11,completed,14209.97
819,257,2025-06-19,cancelled,19072.24
820,201,2024-06-30,completed,26388.58
821,30,2024-04-05,completed,4440.63
822,299,2024-01-02,cancelled,14484.99
823,238,2025-12-15,completed,6308.96
824,493,2024-12-24,completed,15229.6
825,134,2024-08-26,shipped,8816.84
826,395,2025-09-04,cancelled,11364.46
827,211,2024-01-08,completed,8810.1
828,153,2024-01-08,completed,5374.24
829,389,2025-02-22,completed,12426.72
830,408,2025-08-22,completed,18154.03
831,416,2025-11-27,completed,3806.53
832,70,2025-07-24,completed,31279.46
833,14,2024-09-16,shipped,27008.22
834,443,2025-11-06,completed,4726.63
835,157,2024-06-14,completed,20096.05
836,252,2025-12-01,pending,10423.29
837,429,2024-01-06,cancelled,9265.2
838,265,2025-03-21,completed,2017.54
839,392,2025-09-15,completed,21935.64
840,186,2024-10-20,pending,24809.12
841,314,2024-01-11,completed,18826.21
842,299,2025-06-12,completed,19986.07
843,237,2025-11-01,completed,2346.99
844,435,2025-02-13,completed,35063.79
845,249,2024-01-16,pending,3340.19
846,92,2025-07-16,completed,20546.07
847,68,2025-09-12,shipped,12244.54
848,19,2024-06-28,completed,8320.17
849,415,2024-03-15,completed,13523.2
850,411,2025-07-04,cancelled,33075.47
851,328,2025-05-10,pending,17565.1
852,159,2025-08-23,cancelled,13782.22
853,167,2025-10-10,pending,14394.69
854,499,2024-08-23,cancelled,19711.79
855,169,2025-12-18,cancelled,13809.94
856,269,2025-02-12,completed,9648.13
857,147,2025-05-02,completed,7204.7
858,437,2024-07-06,shipped,14233.76
859,387,2024-07-23,completed,12734.49
860,274,2024-08-22,completed,11114.64
861,237,2024-06-08,pending,2993.41
862,61,2025-11-23,shipped,8773.47
863,232,2025-05-08,completed,13148.39
864,465,2025-05-17,completed,21524.6
865,136,2024-02-25,completed,13990.82
866,79,2024-12-21,completed,2880.43
867,132,2025-12-16,completed,7291.88
868,430,2025-11-21,completed,26192.11
869,292,2024-07-10,completed,10384.4
870,458,2025-09-19,completed,10032.96
871,200,2024-08-03,completed,21530.38
872,272,2025-04-06,completed,10686.63
873,345,2024-08-22,cancelled,14048.97
874,179,2025-01-25,completed,8691.92
875,161,2024-06-29,completed,7872.06
876,53,2025-06-30,pending,16501.8
877,108,2024-02-18,completed,7287.55
878,187,2024-09-17,completed,760.22
879,79,2024-12-08,completed,14430.29
880,304,2024-12-18,completed,4157.0
881,90,2025-11-26,shipped,21807.42
882,29,2025-10-27,completed,6950.86
883,142,2024-11-28,completed,24399.93
884,314,2025-09-20,completed,10336.38
885,18,2024-12-11,completed,12490.47
886,201,2024-12-17,completed,15120.27
887,60,2024-09-30,completed,18358.97
888,417,2025-08-24,completed,4048.41
889,463,2024-05-08,pending,19755.39
890,445,2024-03-22,completed,9392.92
891,434,2025-07-15,completed,13080.73
892,17,2025-09-24,completed,12466.75
893,26,2024-10-17,completed,7515.55
894,85,2024-06-23,completed,19881.16
895,461,2025-07-07,shipped,31799.95
896,279,2025-08-28,completed,23918.19
897,343,2024-11-13,shipped,13710.07
898,7,2024-11-11,completed,5697.84
899,152,2024-01-01,completed,10878.94
900,256,2025-04-25,completed,15447.59
901,354,2024-10-26,completed,1376.94
902,406,2025-01-17,completed,20571.91
903,447,2025-10-23,completed,9918.44
904,243,2025-10-02,completed,28705.18
905,115,2025-06-28,cancelled,4829.41
906,289,2024-10-23,completed,23991.73
907,273,2025-09-29,completed,5620.42
908,457,2025-07-01,completed,5153.0
909,158,2024-10-02,completed,15617.23
910,421,2024-06-03,completed,6294.2
911,256,2024-11-15,pending,15160.78
912,365,2024-12-04,completed,2093.48
913,190,2025-02-05,completed,19715.48
914,98,2024-01-13,completed,7097.54
915,337,2024-09-10,pending,2576.5
916,484,2025-04-16,pending,9665.58
917,424,2025-11-12,shipped,21116.39
918,378,2024-06-11,completed,10020.57
919,15,2025-07-16,completed,12534.97
920,55,2024-07-22,completed,9254.22
921,175,2024-08-11,shipped,7627.84
922,100,2024-11-28,completed,18144.48
923,208,2024-09-05,completed,5870.91
924,77,2025-12-08,completed,11924.29
925,422,2025-05-26,completed,24292.18
926,13,2025-10-22,completed,10403.42
927,163,2025-07-25,pending,14133.05
928,259,2024-01-22,completed,13369.94
929,252,2024-02-10,completed,34953.88
930,340,2025-05-16,completed,13608.69
931,80,2024-11-27,pending,16752.42
932,118,2024-03-11,completed,11931.69
933,108,2025-04-09,completed,29472.03
934,358,2025-01-07,pending,11862.29
935,331,2024-03-05,completed,24805.65
936,407,2025-07-18,completed,9883.79
937,198,2024-11-25,completed,13108.65
938,9,2024-02-02,completed,10136.01
939,186,2025-10-19,cancelled,27260.7
940,240,2024-09-19,completed,5073.09
941,144,2024-03-13,completed,7820.5
942,216,2024-03-22,completed,8673.58
943,136,2025-07-25,pending,18530.74
944,425,2024-09-29,completed,6466.38
945,38,2024-03-20,shipped,30713.19
946,318,2025-01-29,completed,28325.66
947,257,2025-07-25,pending,16285.17
948,253,2025-01-01,completed,13751.13
949,313,2025-02-15,completed,17913.0
950,43,2025-03-29,shipped,19462.26
951,279,2025-02-26,pending,31758.69
952,432,2025-07-30,completed,8766.43
953,242,2025-04-08,completed,15847.26
954,120,2025-09-02,completed,9229.27
955,387,2024-11-03,shipped,8885.55
956,68,2025-12-07,cancelled,26193.9
957,389,2024-04-06,completed,9842.95
958,412,2025-01-10,cancelled,13146.01
959,311,2024-11-03,completed,27761.91
960,256,2024-11-28,pending,18105.85
961,266,2025-12-20,completed,7790.04
962,248,2025-10-19,completed,14297.87
963,75,2025-03-20,completed,145.65
964,56,2025-10-30,cancelled,3540.48
965,444,2025-10-09,completed,18448.58
966,296,2025-07-06,completed,15606.87
967,399,2024-06-05,completed,32218.26
968,448,2024-04-02,completed,8760.15
969,121,2024-12-10,completed,26568.57
970,292,2024-03-28,completed,20684.26
971,100,2025-07-26,completed,31556.28
972,434,2025-09-22,shipped,18626.01
973,253,2024-11-27,completed,25374.28
974,481,2025-01-09,completed,14045.47
975,30,2024-01-25,pending,2218.58
976,263,2025-03-28,completed,15656.31
977,481,2025-01-17,completed,397.0
978,141,2024-02-25,completed,22350.27
979,1,2024-04-23,completed,20937.28
980,22,2025-07-04,completed,31686.92
981,196,2024-05-24,completed,871.5
982,199,2025-08-19,shipped,14744.06
983,499,2024-07-24,pending,34279.35
984,300,2024-03-09,completed,23198.83
985,424,2024-04-20,completed,16459.1
986,464,2024-04-11,shipped,30431.44
987,214,2024-07-22,completed,21108.55
988,390,2024-09-10,shipped,10550.92
989,205,2024-06-09,completed,6585.22
990,275,2024-08-29,shipped,19601.87
991,404,2024-01-31,shipped,8277.67
992,242,2025-02-06,completed,1376.94
993,292,2025-01-26,completed,23105.06
994,170,2025-08-09,completed,11732.34
995,200,2025-07-09,completed,12354.42
996,160,2025-12-01,cancelled,7785.92
997,173,2025-12-23,cancelled,3380.76
998,465,2025-11-02,shipped,2116.74
999,220,2025-07-24,completed,1141.87
1000,274,2024-11-21,cancelled,6448.57
1001,94,2024-11-22,cancelled,32669.01
1002,490,2025-10-14,shipped,5884.79
1003,153,2024-05-14,completed,29536.91
1004,174,2024-08-24,completed,8527.68
1005,361,2025-01-02,completed,10986.88
1006,271,2025-12-30,completed,2761.78
1007,91,2025-04-30,completed,4150.07
1008,96,2025-02-22,pending,1600.14
1009,436,2025-02-26,completed,4210.02
1010,95,2024-06-30,shipped,18568.14
1011,263,2025-04-13,cancelled,34336.7
1012,272,2025-01-24,pending,26571.57
1013,340,2025-07-03,completed,1458.36
1014,213,2024-04-21,completed,380.11
1015,52,2025-06-15,completed,6741.3
1016,369,2025-01-31,completed,2576.5
1017,245,2024-10-25,completed,17440.53
1018,484,2025-03-08,completed,8409.69
1019,194,2025-06-13,shipped,14668.71
1020,66,2025-05-27,completed,26582.76
1021,283,2024-11-27,completed,21431.74
1022,499,2025-12-30,cancelled,13484.08
1023,57,2025-10-26,shipped,20034.57
1024,465,2024-05-06,completed,16999.36
1025,417,2025-12-25,completed,32728.6
1026,486,2024-02-14,pending,7499.05
1027,48,2024-06-15,cancelled,5745.85
1028,212,2025-03-05,completed,8231.71
1029,212,2024-05-14,shipped,5508.18
1030,281,2024-09-16,completed,19477.09
1031,228,2025-05-20,completed,22540.68
1032,75,2024-03-22,completed,2154.2
1033,231,2025-07-14,completed,11651.16
1034,103,2025-10-30,completed,1843.71
1035,230,2025-08-14,cancelled,13717.93
1036,359,2024-04-21,completed,4357.18
1037,70,2024-10-18,completed,24799.42
1038,10,2025-08-15,completed,3538.92
1039,399,2024-11-02,completed,23932.45
1040,493,2024-10-26,completed,2575.5
1041,223,2024-10-08,completed,8158.22
1042,256,2025-09-18,completed,23884.59
1043,179,2025-12-06,completed,8487.29
1044,464,2024-09-22,completed,30590.73
1045,113,2025-06-16,pending,10849.63
1046,448,2025-12-26,completed,2247.39
1047,413,2024-01-25,completed,10780.35
1048,152,2024-07-31,pending,12879.88
1049,87,2025-07-27,cancelled,7850.78
1050,244,2024-07-25,completed,6525.3
1051,492,2025-06-02,completed,1767.23
1052,202,2025-12-03,completed,20598.34
1053,436,2024-06-28,completed,10992.9
1054,93,2024-02-06,completed,29357.42
1055,474,2024-12-09,completed,20065.68
1056,391,2025-08-01,pending,17567.05
1057,348,2024-08-01,completed,9102.09
1058,147,2024-10-14,cancelled,27299.96
1059,229,2024-06-18,completed,9875.78
1060,431,2025-12-23,cancelled,9650.76
1061,52,2025-02-27,completed,9026.92
1062,93,2024-11-05,completed,14707.01
1063,442,2024-02-08,pending,5986.82
1064,286,2025-06-02,completed,11594.72
1065,462,2025-05-10,pending,21122.05
1066,439,2025-11-23,shipped,5474.94
1067,234,2025-04-15,completed,15207.18
1068,110,2025-08-31,cancelled,7552.19
1069,311,2025-06-17,pending,12089.8
1070,34,2025-10-16,cancelled,6734.21
1071,194,2024-10-10,completed,8623.65
1072,99,2024-06-10,completed,6691.05
1073,169,2025-07-27,completed,13280.47
1074,377,2025-07-16,completed,10571.07
1075,420,2025-08-10,completed,7077.84
1076,459,2025-09-19,cancelled,11899.69
1077,392,2025-11-22,completed,13158.65
1078,102,2024-07-02,pending,49941.66
1079,405,2024-12-30,completed,15121.5
1080,256,2025-06-30,completed,16814.09
1081,226,2025-04-24,completed,27021.6
1082,220,2025-04-21,completed,6438.82
1083,459,2024-09-21,shipped,18245.95
1084,395,2024-11-28,completed,1222.34
1085,282,2025-05-01,completed,18315.43
1086,478,2025-09-10,completed,22445.48
1087,149,2025-07-23,completed,16273.6
1088,420,2025-08-27,completed,27323.64
1089,190,2024-03-08,completed,20198.53
1090,281,2025-12-11,completed,7021.2
1091,439,2025-12-29,completed,17942.58
1092,338,2024-11-29,completed,20217.77
1093,378,2025-09-04,completed,28734.02
1094,483,2024-03-03,completed,11502.06
1095,218,2024-01-01,pending,4176.27
1096,123,2024-10-25,completed,13396.58
1097,440,2024-11-02,completed,14235.52
1098,141,2024-04-01,completed,7103.81
1099,135,2025-01-13,shipped,458.98
1100,186,2025-12-21,completed,5085.92
1101,396,2024-08-28,completed,32047.57
1102,246,2025-02-19,completed,32930.78
1103,126,2024-07-11,completed,11800.46
1104,47,2025-11-17,completed,2803.23
1105,495,2025-10-25,completed,15775.16
1106,348,2024-05-20,completed,32163.5
1107,230,2025-09-30,completed,26628.91
1108,407,2024-08-19,completed,18170.73
1109,371,2025-12-30,completed,20842.5
1110,45,2024-02-08,completed,24235.62
1111,101,2025-12-08,completed,29179.96
1112,51,2025-09-16,completed,20979.39
1113,216,2024-03-20,completed,21963.44
1114,297,2025-07-01,pending,24356.26
1115,139,2024-12-05,completed,9781.99
1116,465,2025-12-12,shipped,15639.39
1117,6,2024-03-03,completed,23954.8
1118,181,2025-10-01,completed,7745.35
1119,360,2024-10-11,completed,30326.18
1120,19,2024-04-24,completed,15794.94
1121,359,2024-06-28,completed,6612.03
1122,185,2025-06-24,cancelled,4918.99
1123,246,2024-06-06,cancelled,22972.76
1124,105,2025-10-14,completed,28350.74
1125,59,2024-04-28,completed,12582.52
1126,55,2025-06-29,completed,15973.12
1127,407,2025-03-21,completed,27549.86
1128,105,2025-11-30,shipped,5301.69
1129,316,2025-10-14,completed,30378.0
1130,300,2024-10-03,completed,6194.44
1131,235,2025-11-01,completed,21745.2
1132,441,2025-11-19,completed,13183.79
1133,107,2025-11-24,completed,13737.59
1134,376,2024-01-11,completed,2596.68
1135,275,2025-02-25,completed,3425.61
1136,335,2025-04-01,completed,10582.28
1137,53,2024-01-25,completed,1559.1
1138,342,2025-11-03,cancelled,14529.96
1139,322,2024-05-04,pending,3084.74
1140,226,2025-09-11,completed,21792.22
1141,212,2024-10-28,completed,3425.61
1142,355,2025-04-09,shipped,32546.19
1143,399,2024-11-27,completed,5606.46
1144,217,2024-03-04,completed,3853.38
1145,363,2024-07-01,completed,13417.99
1146,87,2025-10-22,completed,16223.22
1147,259,2024-08-11,completed,5546.78
1148,249,2024-09-22,completed,897.01
1149,69,2025-08-08,pending,21005.38
1150,367,2025-10-17,completed,2575.5
1151,331,2025-02-03,completed,16228.32
1152,125,2025-06-11,pending,19396.1
1153,63,2024-03-12,completed,7186.9
1154,298,2025-12-06,cancelled,26842.6
1155,446,2024-12-07,completed,17803.61
1156,268,2025-01-09,completed,18337.12
1157,64,2025-10-25,completed,24234.4
1158,455,2025-12-13,completed,11454.48
1159,436,2025-12-06,completed,405.72
1160,470,2025-03-24,pending,2520.62
1161,74,2024-01-26,pending,19987.58
1162,225,2025-10-20,completed,15108.05
1163,151,2024-12-11,pending,4345.48
1164,495,2024-05-01,completed,10994.28
1165,1,2025-08-16,completed,1222.34
1166,35,2024-05-24,completed,2066.02
1167,430,2025-09-25,completed,6114.46
1168,18,2025-10-09,completed,16862.39
1169,262,2024-06-23,cancelled,4862.25
1170,226,2024-04-26,completed,13937.94
1171,298,2025-11-25,completed,3425.61
1172,175,2025-08-12,completed,19465.79
1173,220,2024-06-26,completed,2797.56
1174,70,2024-05-24,pending,7740.09
1175,462,2025-07-20,completed,2837.25
1176,8,2024-05-16,completed,12608.75
1177,239,2024-01-07,completed,2187.36
1178,144,2025-10-29,completed,17326.17
1179,84,2025-12-09,completed,16379.95
1180,340,2025-06-19,completed,16163.24
1181,64,2025-12-09,completed,4994.66
1182,310,2025-09-18,shipped,7597.52
1183,33,2025-07-25,completed,3944.22
1184,46,2024-04-07,completed,31659.85
1185,55,2024-08-01,completed,5087.72
1186,79,2025-12-02,cancelled,10274.52
1187,17,2024-02-14,completed,9542.67
1188,36,2024-09-14,completed,16205.43
1189,392,2025-07-04,completed,6866.78
1190,127,2025-06-11,completed,12846.81
1191,26,2025-08-29,completed,19892.16
1192,465,2024-08-23,pending,9454.12
1193,292,2025-02-26,cancelled,24305.01
1194,165,2025-05-11,completed,18935.38
1195,108,2024-07-01,completed,10682.1
1196,134,2024-07-17,completed,13354.23
1197,211,2024-02-02,completed,2066.02
1198,319,2024-05-19,completed,12841.87
1199,257,2024-08-13,cancelled,35845.62
1200,50,2025-07-20,cancelled,6169.48
1201,357,2025-06-18,completed,12944.09
1202,453,2025-04-18,completed,17363.05
1203,450,2025-03-20,completed,14657.12
1204,68,2024-02-11,shipped,29057.68
1205,419,2025-12-14,cancelled,11018.96
1206,74,2024-01-13,completed,9375.86
1207,26,2024-09-01,completed,4680.06
1208,76,2025-05-06,completed,9447.07
1209,117,2025-08-07,pending,2443.62
1210,165,2025-04-19,pending,23996.17
1211,61,2025-12-21,completed,6194.44
1212,489,2025-12-08,completed,6831.66
1213,344,2025-03-12,pending,10827.45
1214,461,2025-09-27,cancelled,3808.68
1215,183,2025-11-21,completed,1269.56
1216,312,2025-01-27,completed,23485.03
1217,393,2025-07-26,pending,12265.77
1218,236,2025-07-06,completed,34806.14
1219,40,2024-08-18,completed,13878.79
1220,211,2024-10-10,completed,14372.64
1221,16,2025-05-28,completed,7962.38
1222,446,2025-12-27,completed,17051.16
1223,272,2025-12-10,cancelled,3981.19
1224,26,2025-04-13,completed,9058.0
1225,302,2024-06-17,completed,6707.94
1226,340,2024-07-28,completed,1717.0
1227,137,2025-03-02,shipped,24425.46
1228,104,2025-10-22,completed,6902.9
1229,488,2024-08-25,cancelled,36547.08
1230,345,2025-11-02,completed,35415.55
1231,385,2025-12-14,completed,28526.26
1232,391,2024-11-09,completed,11434.65
1233,307,2024-10-22,pending,1290.69
1234,248,2024-12-27,completed,12775.23
1235,337,2025-12-29,completed,13313.67
1236,177,2025-12-10,shipped,7094.77
1237,212,2024-04-29,completed,13773.8
1238,357,2024-09-23,completed,24122.85
1239,314,2024-02-05,completed,11943.09
1240,255,2025-07-06,shipped,25580.57
1241,190,2024-05-28,shipped,7996.01
1242,263,2025-07-13,shipped,19201.8
1243,50,2025-04-30,cancelled,36208.56
1244,360,2024-12-12,completed,18548.62
1245,368,2024-04-29,completed,14791.78
1246,400,2024-04-04,completed,29258.92
1247,180,2024-10-11,completed,10300.17
1248,449,2025-04-01,completed,3540.48
1249,407,2025-02-07,completed,22345.89
1250,243,2024-02-27,shipped,4803.02
1251,188,2025-03-13,completed,17015.74
1252,17,2024-12-25,completed,20289.58
1253,392,2025-03-30,pending,19000.61
1254,127,2025-03-10,pending,27190.47
1255,49,2024-05-27,completed,19098.9
1256,436,2025-01-19,completed,23900.69
1257,331,2025-07-23,completed,11461.36
1258,219,2025-07-21,completed,25355.53
1259,404,2025-07-26,pending,7554.91
1260,336,2024-06-06,completed,32003.19
1261,215,2025-03-03,completed,8273.51
1262,377,2024-10-10,completed,6197.13
1263,298,2025-01-05,completed,29526.52
1264,24,2025-12-11,cancelled,22949.73
1265,498,2024-01-18,cancelled,3910.99
1266,243,2024-05-29,completed,7476.73
1267,465,2024-02-24,completed,27660.49
1268,95,2024-10-25,completed,6740.07
1269,119,2024-07-17,pending,11264.5
1270,383,2024-06-20,completed,13239.68
1271,136,2025-12-02,completed,13977.61
1272,371,2024-12-26,cancelled,4365.54
1273,410,2025-06-14,completed,19453.19
1274,164,2024-08-11,completed,7868.03
1275,34,2025-09-20,completed,25662.58
1276,424,2025-03-03,completed,1033.01
1277,96,2024-05-14,shipped,16725.41
1278,105,2024-05-22,cancelled,40185.16
1279,314,2024-01-30,pending,316.03
1280,304,2024-05-11,cancelled,15125.55
1281,492,2024-11-10,completed,4607.01
1282,186,2025-12-08,pending,1314.74
1283,80,2024-01-20,pending,10534.05
1284,236,2025-11-06,completed,6680.38
1285,159,2024-05-01,shipped,914.92
1286,423,2024-11-04,completed,4365.54
1287,422,2025-09-08,completed,12602.28
1288,27,2024-12-25,completed,4963.38
1289,313,2025-08-16,completed,16623.63
1290,198,2025-09-19,completed,26992.79
1291,241,2024-08-10,pending,5334.83
1292,169,2024-04-11,shipped,28567.48
1293,427,2024-07-08,completed,4059.31
1294,89,2024-12-29,shipped,21580.19
1295,135,2024-04-25,pending,7072.99
1296,134,2025-06-16,completed,9083.71
1297,350,2024-02-11,completed,21665.34
1298,138,2025-09-06,pending,23875.25
1299,241,2025-03-14,completed,7962.38
1300,136,2025-11-26,completed,1656.78
1301,256,2025-05-18,completed,29695.23
1302,321,2024-03-28,completed,18861.28
1303,41,2024-06-21,completed,13326.45
1304,217,2025-09-01,cancelled,23703.81
1305,229,2025-05-26,completed,39503.59
1306,425,2025-05-02,completed,13769.87
1307,80,2025-04-10,completed,7829.64
1308,126,2025-10-05,shipped,3415.83
1309,248,2024-02-24,cancelled,12021.23
1310,132,2025-09-11,completed,10087.71
1311,74,2025-09-30,completed,6691.05
1312,416,2025-06-16,pending,12210.86
1313,5,2025-05-17,completed,27857.09
1314,448,2025-03-16,cancelled,9360.12
1315,335,2025-04-05,completed,16977.57
1316,31,2024-06-30,completed,14587.14
1317,402,2025-03-17,completed,7826.3
1318,304,2025-05-17,completed,41094.46
1319,138,2025-06-02,completed,21597.94
1320,488,2025-09-23,completed,11818.19
1321,39,2025-08-27,completed,26436.69
1322,197,2024-01-28,pending,3396.39
1323,260,2024-12-19,shipped,17695.28
1324,157,2024-09-10,completed,11680.0
1325,19,2024-03-08,cancelled,5546.78
1326,111,2024-06-22,completed,19386.34
1327,149,2025-03-08,completed,13210.07
1328,249,2025-08-25,completed,18396.19
1329,148,2024-11-26,completed,24067.52
1330,305,2024-12-10,completed,8082.93
1331,127,2025-01-07,shipped,4361.19
1332,52,2024-03-18,cancelled,15857.69
1333,387,2025-08-10,completed,15145.56
1334,202,2024-04-04,pending,27827.04
1335,342,2025-08-03,cancelled,9469.29
1336,322,2025-10-29,cancelled,21612.14
1337,151,2024-07-23,completed,25417.41
1338,441,2025-11-18,pending,12972.75
1339,346,2025-12-21,completed,20811.31
1340,90,2024-08-06,completed,34155.13
1341,58,2025-03-20,shipped,8320.17
1342,322,2024-07-24,completed,5919.41
1343,256,2025-12-02,pending,16203.11
1344,217,2024-07-27,cancelled,12594.84
1345,495,2024-09-19,completed,7107.29
1346,365,2024-04-26,completed,2078.5
1347,139,2024-11-13,completed,18840.11
1348,476,2024-06-12,completed,2924.14
1349,417,2024-10-11,completed,16150.17
1350,158,2025-05-12,pending,4319.4
1351,180,2024-11-17,completed,760.22
1352,283,2025-01-07,completed,2581.38
1353,468,2024-05-23,completed,11175.74
1354,329,2025-08-17,shipped,27112.38
1355,208,2024-05-05,pending,13595.35
1356,438,2025-02-03,cancelled,11730.42
1357,434,2024-05-27,completed,14531.24
1358,478,2025-02-22,completed,29149.08
1359,291,2024-04-25,completed,13905.15
1360,129,2024-05-28,completed,14905.29
1361,430,2025-09-12,completed,6740.07
1362,128,2025-11-18,completed,33728.3
1363,14,2025-12-02,completed,12556.34
1364,219,2024-01-09,shipped,9080.73
1365,288,2024-10-31,completed,2817.21
1366,372,2024-11-20,cancelled,12876.45
1367,10,2025-04-27,pending,16383.49
1368,192,2024-06-13,completed,35699.11
1369,273,2025-07-14,pending,21946.04
1370,320,2025-10-18,completed,10690.38
1371,210,2024-07-23,completed,7227.63
1372,234,2024-06-10,completed,6058.29
1373,191,2025-02-24,pending,19689.3
1374,178,2024-05-16,completed,12785.52
1375,82,2025-01-11,completed,12630.2
1376,57,2025-07-25,completed,10130.64
1377,110,2024-07-22,completed,9668.22
1378,468,2025-09-24,completed,11283.72
1379,485,2024-06-23,shipped,2078.5
1380,441,2025-06-22,completed,14321.47
1381,279,2025-12-31,completed,29253.38
1382,376,2025-01-26,completed,17633.63
1383,174,2024-10-16,pending,5775.44
1384,96,2025-02-22,pending,5875.96
1385,480,2024-09-25,completed,31233.63
1386,315,2025-10-24,completed,1829.84
1387,262,2024-05-16,cancelled,18406.1
1388,307,2025-12-26,completed,23130.48
1389,480,2024-02-23,completed,14911.62
1390,287,2025-09-12,shipped,24255.14
1391,178,2025-05-31,completed,15793.91
1392,53,2024-05-15,shipped,25614.42
1393,330,2025-05-30,completed,11217.26
1394,493,2024-11-20,pending,8602.93
1395,69,2024-02-15,shipped,24408.54
1396,487,2024-10-16,shipped,11178.61
1397,106,2024-11-16,completed,8137.66
1398,293,2025-05-18,pending,9924.87
1399,46,2025-10-13,pending,1836.06
1400,42,2024-06-01,completed,8589.17
1401,362,2024-09-23,completed,9391.4
1402,382,2025-03-28,completed,32506.55
1403,94,2024-05-31,completed,552.26
1404,50,2024-10-17,completed,19996.26
1405,57,2024-10-06,completed,13435.61
1406,265,2024-07-03,completed,914.92
1407,270,2025-05-25,completed,3731.75
1408,294,2025-11-27,completed,14069.91
1409,163,2024-06-06,completed,33046.11
1410,333,2025-10-05,shipped,20916.3
1411,173,2025-09-29,shipped,3171.33
1412,190,2024-05-12,completed,6691.05
1413,325,2024-10-16,completed,6235.5
1414,464,2024-03-13,completed,12619.51
1415,8,2024-09-02,shipped,10868.17
1416,319,2025-02-01,pending,29247.26
1417,494,2024-05-03,completed,35421.26
1418,75,2024-05-14,completed,8582.12
1419,59,2025-06-08,completed,16408.34
1420,191,2025-09-06,completed,7300.93
1421,279,2025-10-07,completed,10198.47
1422,487,2024-12-15,shipped,20385.48
1423,162,2025-12-31,completed,31604.55
1424,321,2024-03-26,completed,22854.68
1425,374,2024-05-10,completed,16641.3
1426,376,2024-10-29,completed,26292.97
1427,406,2025-03-11,completed,23535.58
1428,189,2024-12-29,completed,4303.53
1429,482,2024-01-17,completed,16023.29
1430,234,2024-03-26,completed,27205.53
1431,484,2025-04-10,pending,17632.43
1432,298,2024-08-04,completed,20773.36
1433,306,2024-01-19,completed,552.26
1434,169,2024-06-24,completed,17415.2
1435,7,2025-09-08,pending,9971.57
1436,218,2025-12-08,completed,8995.58
1437,81,2024-01-15,completed,6462.6
1438,239,2024-07-11,cancelled,14751.74
1439,339,2024-05-28,completed,13893.75
1440,43,2024-11-04,pending,13658.44
1441,223,2024-01-23,completed,9215.82
1442,410,2025-03-31,shipped,12164.63
1443,354,2024-07-25,completed,18025.01
1444,319,2025-10-07,cancelled,23726.66
1445,31,2025-09-02,pending,10065.83
1446,76,2025-05-12,completed,28407.33
1447,274,2025-06-24,completed,12760.38
1448,482,2025-03-03,cancelled,8118.62
1449,306,2025-09-29,shipped,23382.52
1450,212,2024-01-22,completed,9660.2
1451,331,2025-03-24,completed,14645.19
1452,409,2024-12-13,shipped,10531.36
1453,414,2025-02-03,shipped,17976.31
1454,151,2024-07-31,completed,13378.77
1455,178,2025-05-09,completed,12549.67
1456,438,2025-05-18,completed,12331.58
1457,75,2025-07-24,completed,6466.38
1458,7,2024-09-24,completed,3350.19
1459,329,2024-02-02,cancelled,23338.97
1460,339,2024-08-20,completed,8907.68
1461,211,2024-12-14,pending,13096.62
1462,333,2024-09-30,cancelled,21553.13
1463,173,2025-03-24,pending,3415.83
1464,99,2025-09-17,completed,2691.03
1465,53,2024-02-12,completed,9258.14
1466,406,2024-07-29,shipped,10232.68
1467,250,2025-12-26,completed,29700.42
1468,114,2025-01-07,completed,4916.9
1469,456,2025-03-25,shipped,447.2
1470,484,2025-04-30,completed,27592.7
1471,249,2025-02-28,completed,10593.27
1472,348,2025-03-07,pending,13167.78
1473,53,2025-02-23,cancelled,28909.48
1474,391,2024-01-11,pending,9510.6
1475,156,2024-06-17,completed,19599.61
1476,344,2025-08-11,completed,37780.36
1477,103,2025-07-20,cancelled,10412.06
1478,481,2025-06-24,completed,16100.19
1479,101,2025-04-01,completed,28709.68
1480,48,2024-12-19,cancelled,14455.18
1481,412,2025-07-04,completed,15778.98
1482,267,2024-10-17,completed,34314.47
1483,10,2024-06-12,completed,26941.75
1484,225,2025-03-08,shipped,5870.91
1485,343,2024-03-02,cancelled,11014.2
1486,392,2024-05-06,completed,4345.48
1487,401,2024-11-01,completed,4493.38
1488,197,2024-12-13,shipped,33230.34
1489,176,2025-09-01,completed,12330.7
1490,40,2025-08-09,completed,22199.1
1491,316,2024-12-01,completed,11940.64
1492,368,2024-04-10,completed,13698.74
1493,378,2025-03-11,cancelled,11864.06
1494,286,2025-11-24,completed,28506.73
1495,338,2025-05-25,completed,28512.3
1496,252,2024-06-15,completed,17162.81
1497,340,2025-04-13,completed,28387.13
1498,185,2025-04-29,completed,8972.43
1499,49,2024-05-01,completed,21452.58
1500,377,2024-10-23,completed,5679.01
1501,355,2024-11-08,shipped,11823.15
1502,463,2024-05-26,completed,18673.55
1503,62,2024-07-06,cancelled,13884.85
1504,380,2024-03-10,cancelled,32077.21
1505,166,2025-04-08,shipped,15910.54
1506,483,2024-05-21,completed,25369.81
1507,301,2024-11-29,completed,36315.89
1508,42,2025-02-08,completed,10117.59
1509,124,2025-03-29,pending,1033.01
1510,132,2025-12-25,completed,11328.55
1511,287,2025-10-21,completed,4647.33
1512,441,2025-08-13,pending,29308.86
1513,126,2024-05-03,completed,16427.82
1514,369,2025-12-23,cancelled,25213.6
1515,189,2025-02-15,completed,12355.86
1516,38,2025-02-28,completed,22128.13
1517,116,2024-04-11,completed,12091.1
1518,447,2024-04-01,completed,20526.79
1519,225,2024-11-29,completed,6443.72
1520,463,2025-02-03,completed,7122.86
1521,264,2024-09-21,completed,1269.56
1522,152,2024-07-26,completed,28214.63
1523,377,2025-01-29,shipped,9296.48
1524,89,2025-07-20,completed,19235.47
1525,5,2024-01-20,completed,20479.94
1526,174,2024-05-08,completed,23683.77
1527,24,2024-07-27,pending,10377.54
1528,42,2024-06-21,pending,19052.69
1529,249,2025-04-20,shipped,17244.41
1530,237,2025-05-08,completed,22676.86
1531,68,2025-10-09,completed,26624.07
1532,218,2025-07-30,completed,9360.12
1533,363,2025-12-16,completed,24823.65
1534,488,2024-10-13,cancelled,14216.52
1535,380,2024-11-21,cancelled,17585.47
1536,373,2025-04-08,completed,5938.65
1537,60,2025-09-05,completed,1578.82
1538,278,2025-09-15,completed,8813.94
1539,403,2024-06-26,completed,14198.58
1540,2,2025-10-28,completed,436.95
1541,276,2025-03-31,completed,16972.75
1542,473,2025-01-31,completed,486.12
1543,375,2025-04-18,completed,3455.05
1544,335,2024-08-14,pending,26143.56
1545,263,2024-07-15,completed,19301.22
1546,20,2025-05-20,shipped,7962.38
1547,378,2025-05-19,shipped,17543.04
1548,264,2024-04-23,cancelled,23019.4
1549,249,2025-11-06,pending,28290.59
1550,362,2024-03-07,completed,23112.72
1551,116,2025-11-25,completed,19251.89
1552,288,2024-01-03,shipped,2539.12
1553,73,2025-03-18,cancelled,20049.32
1554,84,2025-04-22,completed,10193.29
1555,107,2025-03-06,completed,12253.56
1556,38,2024-12-08,completed,13143.96
1557,163,2024-03-17,shipped,6113.42
1558,7,2024-11-14,completed,3233.19
1559,401,2025-05-06,completed,3899.91
1560,474,2025-10-03,shipped,2412.52
1561,70,2024-09-01,shipped,7077.84
1562,64,2025-06-16,pending,1376.94
1563,210,2025-09-26,completed,11454.48
1564,153,2025-04-02,completed,2993.41
1565,193,2024-02-04,completed,1462.07
1566,293,2024-03-04,shipped,22982.56
1567,140,2025-03-18,completed,1136.13
1568,188,2024-02-23,completed,20155.63
1569,36,2024-08-26,cancelled,23583.81
1570,379,2025-09-27,completed,14322.07
1571,41,2025-04-09,completed,10971.4
1572,466,2025-12-31,completed,14854.75
1573,371,2025-10-14,completed,11048.38
1574,148,2025-09-27,completed,3147.1
1575,206,2024-03-02,completed,16763.5
1576,458,2025-08-20,cancelled,9429.88
1577,349,2024-11-12,completed,17730.25
1578,94,2025-08-23,completed,4495.18
1579,268,2025-06-03,cancelled,21867.94
1580,222,2025-10-17,shipped,1104.52
1581,469,2024-07-12,completed,25780.6
1582,303,2025-08-02,shipped,13366.76
1583,160,2025-04-10,cancelled,9650.76
1584,451,2024-08-12,shipped,5271.77
1585,334,2025-04-22,completed,6248.4
1586,347,2024-12-05,cancelled,11605.09
1587,389,2025-01-06,completed,14452.88
1588,54,2024-05-25,completed,12582.84
1589,352,2025-01-03,completed,2247.1
1590,48,2024-07-21,completed,4382.5
1591,260,2024-06-27,completed,13886.16
1592,100,2024-09-25,shipped,3449.28
1593,5,2024-05-20,completed,9360.12
1594,87,2024-08-03,completed,4863.58
1595,496,2025-11-07,completed,14584.21
1596,122,2024-05-27,cancelled,3863.03
1597,362,2025-06-29,completed,7254.22
1598,418,2025-10-13,completed,10616.76
1599,385,2025-08-24,completed,12610.4
1600,426,2025-10-06,pending,18143.16
1601,174,2025-05-15,completed,9305.16
1602,56,2025-11-10,completed,4006.42
1603,283,2025-10-22,pending,11185.97
1604,157,2024-07-02,completed,19641.8
1605,42,2025-05-21,completed,37128.92
1606,395,2024-07-31,completed,4687.11
1607,14,2025-02-09,completed,21207.9
1608,329,2024-09-17,completed,4635.8
1609,267,2025-03-31,completed,16087.64
1610,294,2025-04-21,completed,8898.84
1611,39,2025-03-18,completed,18233.09
1612,314,2024-07-02,completed,21491.98
1613,220,2024-03-25,completed,27418.99
1614,336,2024-08-21,completed,9650.76
1615,229,2024-02-09,completed,10978.37
1616,331,2024-09-13,completed,4626.65
1617,181,2024-05-21,shipped,6057.32
1618,444,2025-02-17,shipped,29585.94
1619,276,2024-06-01,cancelled,4693.26
1620,375,2024-08-02,completed,31952.31
1621,475,2024-12-14,pending,11335.09
1622,371,2025-03-03,completed,22843.22
1623,289,2025-08-14,cancelled,15916.21
1624,262,2025-11-05,cancelled,10485.65
1625,275,2025-12-03,pending,14208.66
1626,253,2024-02-02,shipped,7074.94
1627,107,2025-10-06,pending,12850.61
1628,21,2024-03-06,completed,9783.91
1629,38,2024-12-02,completed,16027.36
1630,8,2024-04-16,completed,13150.73
1631,481,2025-09-09,completed,1687.56
1632,36,2025-01-30,completed,10675.46
1633,18,2025-06-20,completed,9650.76
1634,60,2025-06-14,completed,10838.81
1635,265,2024-04-23,completed,13850.1
1636,497,2024-07-30,completed,9707.32
1637,376,2025-12-27,completed,1747.32
1638,363,2024-11-13,completed,34286.12
1639,174,2024-01-08,shipped,20911.64
1640,164,2025-06-22,completed,20685.32
1641,338,2024-04-03,completed,41140.04
1642,2,2025-02-04,completed,3798.64
1643,193,2024-07-02,cancelled,17330.12
1644,61,2025-12-16,completed,8015.25
1645,107,2024-10-07,cancelled,30497.72
1646,123,2024-08-10,shipped,16173.24
1647,334,2024-04-17,completed,8950.55
1648,351,2024-09-15,completed,5606.46
1649,391,2024-01-28,completed,19740.25
1650,190,2024-07-18,completed,7962.38
1651,167,2024-04-27,pending,12178.36
1652,135,2025-04-20,completed,600.83
1653,137,2025-07-15,completed,12176.15
1654,28,2024-06-23,cancelled,24728.03
1655,228,2025-02-04,completed,1802.49
1656,228,2024-10-06,completed,9362.73
1657,307,2024-02-05,cancelled,12112.74
1658,310,2025-06-19,completed,3913.94
1659,258,2025-12-07,completed,11598.39
1660,410,2024-01-05,completed,8221.75
1661,282,2024-07-23,completed,11631.08
1662,420,2025-11-27,completed,6517.12
1663,88,2024-06-20,pending,9360.12
1664,229,2025-06-08,completed,24934.83
1665,368,2024-07-13,completed,13343.11
1666,42,2024-04-18,completed,5374.06
1667,295,2025-10-31,completed,8401.14
1668,439,2025-11-04,cancelled,12715.88
1669,102,2024-11-04,pending,26159.87
1670,26,2024-06-24,completed,3872.07
1671,376,2024-11-28,shipped,21732.27
1672,223,2024-06-28,completed,24545.78
1673,25,2024-12-09,completed,26744.13
1674,317,2024-08-26,completed,1149.76
1675,14,2024-01-22,completed,5153.0
1676,177,2024-08-30,pending,6005.52
1677,157,2024-03-02,completed,8681.34
1678,317,2024-07-28,completed,15995.52
1679,208,2025-03-30,pending,6250.26
1680,158,2025-10-21,pending,6197.13
1681,393,2025-02-28,completed,8170.53
1682,345,2024-12-05,completed,11127.65
1683,342,2025-11-11,shipped,2003.01
1684,341,2025-06-17,completed,20799.42
1685,388,2024-03-12,shipped,10198.47
1686,40,2024-05-24,shipped,6031.11
1687,285,2025-08-29,completed,3980.34
1688,112,2024-03-21,completed,17574.6
1689,276,2024-09-07,completed,29163.77
1690,168,2025-10-12,completed,16765.34
1691,66,2024-06-20,completed,17140.42
1692,82,2024-06-08,cancelled,10509.05
1693,72,2024-11-03,completed,10090.17
1694,349,2024-06-28,completed,17859.96
1695,150,2025-07-29,completed,6909.22
1696,487,2024-05-19,pending,2053.17
1697,131,2024-01-05,completed,21789.48
1698,16,2025-03-01,shipped,9845.22
1699,244,2025-10-18,shipped,3534.46
1700,457,2024-02-09,shipped,6866.78
1701,421,2025-08-02,completed,17082.17
1702,60,2025-12-27,completed,15127.39
1703,270,2025-01-29,shipped,11729.03
1704,472,2024-02-05,shipped,23378.49
1705,256,2024-01-29,completed,3596.19
1706,89,2025-04-11,shipped,1743.56
1707,243,2025-09-08,completed,1728.54
1708,433,2024-04-04,completed,33006.93
1709,366,2025-06-14,shipped,7930.79
1710,372,2024-11-05,completed,30147.18
1711,6,2025-02-25,pending,3760.37
1712,431,2025-10-13,completed,11981.37
1713,362,2024-08-02,shipped,18969.19
1714,213,2025-05-18,completed,2546.73
1715,68,2025-03-03,completed,22079.43
1716,455,2024-06-29,completed,5587.42
1717,218,2024-07-05,completed,2539.12
1718,443,2025-08-03,cancelled,3151.64
1719,328,2024-07-06,cancelled,11318.32
1720,161,2025-03-27,completed,26873.7
1721,161,2024-03-28,completed,9641.95
1722,345,2025-08-22,completed,13945.7
1723,462,2024-09-29,pending,1307.25
1724,65,2025-08-19,pending,4700.76
1725,70,2024-08-04,completed,270.48
1726,53,2025-09-09,completed,17957.76
1727,145,2025-09-10,completed,18849.91
1728,63,2024-09-02,shipped,11572.89
1729,196,2024-12-04,cancelled,4494.2
1730,492,2025-12-16,completed,2091.67
1731,50,2024-05-05,cancelled,21296.53
1732,260,2025-04-07,completed,18875.54
1733,124,2024-01-04,shipped,8347.32
1734,268,2024-02-16,shipped,14729.06
1735,142,2025-09-13,completed,12225.21
1736,106,2025-12-17,shipped,9911.95
1737,414,2024-05-26,cancelled,25150.58
1738,416,2024-03-30,completed,20851.58
1739,422,2025-11-09,completed,2253.89
1740,92,2025-11-06,completed,8673.58
1741,286,2024-01-30,completed,8402.33
1742,279,2024-09-20,completed,9699.57
1743,6,2024-05-19,shipped,17334.61
1744,218,2025-08-12,pending,17159.13
1745,296,2025-01-25,completed,20776.89
1746,55,2024-10-24,completed,5873.4
1747,490,2025-08-29,shipped,6197.13
1748,493,2025-01-11,completed,22006.31
1749,8,2024-01-02,completed,15646.78
1750,244,2025-01-08,pending,16847.04
1751,16,2025-09-08,completed,2924.14
1752,104,2024-01-10,completed,6186.86
1753,415,2025-05-26,completed,11567.9
1754,214,2024-05-29,pending,12758.16
1755,138,2024-11-23,completed,5546.78
1756,450,2025-12-24,completed,4776.64
1757,465,2025-12-22,shipped,6680.38
1758,437,2024-06-05,cancelled,5278.25
1759,300,2025-12-18,pending,17454.0
1760,262,2025-02-05,completed,12769.72
1761,333,2025-02-05,completed,15983.69
1762,343,2025-06-24,pending,21063.93
1763,301,2025-07-15,completed,8590.65
1764,89,2024-02-25,cancelled,9021.18
1765,341,2025-08-14,completed,12612.39
1766,453,2024-07-19,pending,9401.52
1767,68,2025-08-12,completed,15893.98
1768,42,2025-11-26,cancelled,4059.31
1769,18,2024-12-30,shipped,6754.86
1770,255,2025-06-11,completed,27587.9
1771,334,2024-09-07,completed,8412.32
1772,433,2024-11-05,completed,9411.39
1773,479,2025-01-19,pending,5965.42
1774,277,2025-10-27,completed,7054.69
1775,429,2024-03-25,completed,26101.22
1776,420,2025-05-06,completed,2691.03
1777,442,2024-07-04,completed,21879.98
1778,163,2024-11-29,completed,26571.08
1779,222,2025-07-23,cancelled,29014.56
1780,16,2025-12-31,cancelled,858.5
1781,146,2025-11-05,cancelled,12494.61
1782,70,2024-07-03,completed,11158.56
1783,189,2025-08-11,completed,2307.46
1784,273,2024-09-19,cancelled,1434.51
1785,101,2024-05-07,completed,11800.73
1786,77,2025-11-04,completed,22416.06
1787,394,2025-11-05,completed,7719.88
1788,282,2025-12-12,completed,10367.67
1789,76,2024-08-02,completed,3866.13
1790,31,2024-02-07,completed,15562.76
1791,57,2025-07-19,completed,10551.5
1792,308,2025-09-29,completed,22104.74
1793,265,2025-02-13,completed,13316.39
1794,497,2024-05-26,completed,948.09
1795,450,2024-10-02,shipped,16852.23
1796,263,2025-07-31,completed,17761.57
1797,278,2025-03-20,completed,24453.44
1798,215,2024-04-22,completed,23697.52
1799,43,2025-01-06,shipped,9463.59
1800,223,2024-01-11,completed,5213.8
1801,156,2024-05-06,completed,8218.35
1802,470,2025-06-25,completed,30110.55
1803,301,2024-02-19,completed,18010.15
1804,133,2025-06-28,completed,18450.4
1805,73,2024-01-10,completed,13672.35
1806,137,2024-05-26,completed,10714.09
1807,54,2025-01-14,pending,14319.96
1808,110,2025-03-04,pending,10505.34
1809,346,2025-04-24,completed,8000.99
1810,124,2024-08-22,completed,7520.74
1811,120,2025-02-20,pending,10616.76
1812,24,2024-03-22,completed,4631.97
1813,60,2025-08-12,completed,10443.66
1814,398,2025-03-10,completed,12095.44
1815,72,2025-06-11,completed,17835.98
1816,167,2024-07-13,shipped,1802.49
1817,407,2025-03-11,pending,20810.95
1818,314,2025-06-24,completed,1656.78
1819,59,2025-04-04,shipped,17924.99
1820,481,2025-06-10,completed,7186.9
1821,410,2025-05-22,completed,13091.43
1822,140,2024-09-12,cancelled,5606.46
1823,191,2024-11-02,completed,10064.26
1824,498,2025-10-08,completed,9182.36
1825,446,2025-06-11,cancelled,2581.38
1826,36,2025-09-24,cancelled,6798.98
1827,135,2024-01-07,completed,5503.5
1828,154,2024-01-06,completed,12305.88
1829,64,2024-01-10,completed,17965.33
1830,370,2024-06-06,completed,20499.02
1831,443,2024-08-19,completed,19630.92
1832,343,2024-07-05,completed,6228.38
1833,229,2025-03-25,completed,20026.1
1834,74,2025-01-02,cancelled,5123.06
1835,239,2024-10-18,completed,23736.46
1836,162,2024-06-13,completed,19005.8
1837,362,2025-05-15,completed,7899.5
1838,214,2025-05-28,pending,8973.03
1839,390,2024-05-09,completed,24426.27
1840,464,2024-12-16,completed,20349.22
1841,498,2024-10-15,completed,17098.3
1842,198,2025-06-07,completed,16874.3
1843,89,2024-09-10,completed,14740.71
1844,64,2025-12-18,pending,27107.42
1845,172,2024-06-01,completed,1743.31
1846,139,2024-10-07,shipped,10671.29
1847,218,2025-09-23,completed,894.4
1848,372,2025-02-21,completed,12071.27
1849,124,2025-03-12,completed,28130.99
1850,15,2024-10-02,completed,17001.38
1851,479,2024-11-23,cancelled,3339.03
1852,110,2024-02-23,completed,11774.59
1853,131,2024-10-13,shipped,9724.5
1854,395,2024-07-08,completed,14984.29
1855,465,2024-04-09,completed,14381.77
1856,389,2025-08-26,completed,15241.47
1857,75,2024-08-03,completed,4291.06
1858,83,2024-05-13,completed,21232.05
1859,477,2024-07-16,pending,749.04
1860,369,2025-07-13,completed,13945.65
1861,380,2025-06-30,pending,135.24
1862,489,2024-07-15,completed,17634.87
1863,152,2025-04-04,completed,9784.24
1864,140,2024-03-10,completed,14728.57
1865,37,2025-12-14,shipped,12715.73
1866,265,2025-12-11,completed,27492.28
1867,156,2024-03-17,completed,36116.53
1868,388,2024-10-05,completed,749.04
1869,91,2025-08-08,completed,3667.02
1870,375,2025-04-11,completed,13747.19
1871,314,2024-10-01,completed,4655.0
1872,195,2025-06-30,completed,13378.77
1873,300,2024-05-31,shipped,15214.15
1874,473,2025-10-19,shipped,2880.0
1875,69,2024-01-02,completed,30275.12
1876,303,2024-09-27,pending,22889.68
1877,200,2025-10-02,cancelled,9446.85
1878,12,2024-06-29,completed,7729.5
1879,304,2025-11-04,shipped,27308.98
1880,399,2025-10-31,completed,18312.29
1881,51,2024-10-02,completed,23100.11
1882,146,2025-03-20,completed,12134.04
1883,288,2024-07-08,cancelled,12700.41
1884,44,2025-05-17,shipped,8805.26
1885,362,2024-01-22,completed,11363.4
1886,383,2025-09-14,completed,10328.98
1887,482,2024-09-08,completed,15456.81
1888,51,2024-01-13,completed,10450.13
1889,188,2025-10-21,shipped,1845.98
1890,336,2024-10-01,completed,21063.24
1891,391,2024-12-12,cancelled,4408.42
1892,364,2024-05-22,completed,20491.92
1893,223,2024-06-07,completed,34822.56
1894,190,2024-01-22,cancelled,13378.77
1895,39,2024-10-30,completed,11242.84
1896,8,2024-08-20,completed,8117.08
1897,469,2024-10-20,completed,19898.82
1898,311,2024-06-22,shipped,8168.92
1899,27,2024-12-31,completed,11892.46
1900,35,2024-02-14,completed,14420.4
1901,368,2024-12-08,completed,21232.32
1902,201,2025-10-01,cancelled,7788.49
1903,106,2025-11-08,completed,3084.32
1904,117,2024-06-01,pending,5465.51
1905,442,2025-02-03,completed,13496.63
1906,185,2024-10-12,completed,12317.69
1907,317,2024-12-27,completed,30170.94
1908,304,2025-10-13,completed,12019.78
1909,57,2025-07-16,completed,28876.57
1910,142,2024-03-26,completed,35961.21
1911,275,2024-08-12,pending,11340.48
1912,446,2024-07-27,shipped,5873.4
1913,483,2025-07-25,completed,8084.11
1914,459,2024-12-23,completed,10831.4
1915,419,2024-05-27,cancelled,15068.95
1916,108,2024-05-21,completed,14981.46
1917,220,2024-01-27,completed,13213.8
1918,304,2025-11-09,completed,10535.01
1919,387,2025-01-09,completed,1771.25
1920,73,2025-08-05,cancelled,5175.21
1921,260,2024-05-23,pending,14842.54
1922,401,2024-12-11,completed,3672.12
1923,303,2024-04-23,completed,2702.01
1924,401,2024-06-26,completed,6194.44
1925,294,2025-03-09,completed,38238.15
1926,316,2025-05-28,completed,10079.87
1927,434,2024-10-05,shipped,31567.8
1928,204,2025-09-25,completed,22669.58
1929,19,2024-03-20,cancelled,22444.06
1930,35,2025-02-18,cancelled,6963.42
1931,59,2025-10-24,completed,9511.54
1932,426,2025-01-06,completed,6550.62
1933,245,2024-06-15,completed,4319.4
1934,70,2025-09-03,completed,7906.24
1935,353,2025-10-15,shipped,11526.57
1936,96,2025-08-06,completed,16982.48
1937,393,2024-11-12,completed,27468.41
1938,258,2024-07-18,completed,22788.37
1939,192,2025-11-21,completed,34789.52
1940,466,2024-06-02,completed,19128.15
1941,65,2024-06-14,completed,19315.0
1942,420,2024-08-25,cancelled,17456.01
1943,67,2025-05-28,completed,21193.11
1944,192,2024-12-13,completed,39558.9
1945,313,2024-09-01,completed,28997.75
1946,425,2025-05-24,completed,786.89
1947,176,2024-11-12,completed,1697.82
1948,366,2024-04-06,completed,8964.42
1949,290,2024-03-10,completed,13570.66
1950,43,2024-07-02,pending,13201.36
1951,450,2025-10-27,shipped,11943.57
1952,380,2025-05-14,completed,19487.93
1953,277,2025-11-27,completed,14547.69
1954,131,2025-01-17,completed,21039.91
1955,347,2024-02-13,completed,11598.39
1956,422,2024-09-07,completed,18820.29
1957,163,2024-06-11,completed,3399.49
1958,315,2025-02-01,cancelled,2629.48
1959,276,2025-04-22,completed,22296.67
1960,387,2024-04-20,shipped,10276.77
1961,172,2024-03-07,completed,14640.67
1962,334,2024-04-27,completed,11454.48
1963,259,2024-06-08,shipped,10616.01
1964,246,2024-11-23,completed,25098.8
1965,41,2024-08-06,completed,9699.57
1966,231,2025-03-09,completed,1516.01
1967,136,2024-03-11,completed,4345.48
1968,179,2025-12-30,completed,21791.84
1969,291,2024-07-07,cancelled,3672.12
1970,56,2024-12-16,shipped,13363.38
1971,4,2025-03-05,completed,12137.04
1972,165,2025-12-10,completed,4386.21
1973,436,2025-09-03,completed,18438.21
1974,54,2024-11-20,completed,24890.54
1975,60,2025-11-21,completed,31983.99
1976,260,2025-04-05,completed,9413.58
1977,266,2025-03-06,completed,5602.7
1978,165,2024-08-09,completed,13176.57
1979,250,2024-01-15,completed,13857.41
1980,238,2025-05-29,cancelled,948.09
1981,282,2025-05-26,completed,19671.68
1982,462,2025-07-09,completed,6942.84
1983,121,2025-03-14,completed,29721.8
1984,32,2024-10-18,cancelled,21412.3
1985,477,2024-04-11,shipped,3221.86
1986,311,2025-10-27,completed,21329.73
1987,441,2025-07-11,completed,38594.36
1988,25,2024-10-23,cancelled,10836.03
1989,241,2025-07-18,completed,7311.35
1990,140,2024-12-25,shipped,35652.7
1991,485,2025-02-09,completed,9078.89
1992,165,2024-10-01,cancelled,7972.62
1993,143,2024-09-04,completed,11714.28
1994,225,2025-01-18,cancelled,19164.6
1995,422,2025-08-08,shipped,17471.07
1996,358,2024-07-16,completed,6424.59
1997,294,2025-10-13,completed,13379.88
1998,303,2025-06-13,completed,11624.22
1999,258,2024-05-09,completed,24749.93
2000,149,2024-11-26,completed,2078.5
