product_id,product_name,category,price,cost
1,Intuitive empowering moderator,Sports,3233.19,1317.54
2,Re-engineered regional help-desk,Clothing,1299.97,574.41
3,De-engineered reciprocal open system,Clothing,3415.83,2280.59
4,Proactive multi-state superstructure,Clothing,2993.41,1225.91
5,Self-enabling modular methodology,Electronics,1171.33,646.11
6,Enterprise-wide reciprocal emulation,Toys,2850.1,1752.26
7,Triple-buffered explicit core,Electronics,1180.16,680.69
8,Adaptive bottom-line algorithm,Toys,3818.16,1710.15
9,Persistent responsive utilization,Beauty,1767.23,789.32
10,Decentralized user-facing database,Beauty,600.83,308.81
11,Seamless intangible installation,Electronics,4252.72,2471.33
12,Balanced full-range hardware,Toys,3675.69,2061.58
13,Realigned scalable data-warehouse,Beauty,486.12,237.2
14,Advanced scalable customer loyalty,Electronics,2929.03,1790.73
15,Team-oriented executive extranet,Clothing,3340.19,2110.73
16,Cloned fault-tolerant framework,Toys,4291.06,2831.86
17,Profit-focused neutral Graphic Interface,Beauty,1462.07,863.65
18,Visionary 24hour budgetary management,Sports,897.01,454.41
19,Synergized full-range Graphical User Interface,Clothing,3538.92,2141.27
20,Object-based uniform open system,Books,3084.74,1392.27
21,Seamless 4thgeneration conglomeration,Books,900.67,462.8
22,Ergonomic full-range Graphical User Interface,Electronics,3454.61,2255.36
23,Synergistic mission-critical leverage,Beauty,1222.34,500.71
24,Automated secondary challenge,Beauty,2065.71,867.3
25,Polarized coherent product,Grocery,1141.87,627.77
26,Persevering national groupware,Sports,800.07,353.54
27,Persistent zero tolerance installation,Toys,3760.37,1987.47
28,User-friendly analyzing model,Home,1873.78,1310.14
29,Innovative non-volatile success,Electronics,2596.68,1109.49
30,Synergistic foreground open architecture,Home,4319.4,1925.81
31,Public-key 3rdgeneration database,Clothing,3981.19,2096.69
32,Re-engineered systemic groupware,Grocery,1985.36,1149.06
33,Multi-channeled asymmetric collaboration,Electronics,2692.66,1861.5
34,Grass-roots 4thgeneration Graphical User Interface,Sports,3433.39,1491.35
35,Multi-tiered responsive monitoring,Sports,3866.13,1941.0
36,Down-sized object-oriented portal,Sports,2230.35,1195.73
37,Networked contextually-based policy,Clothing,4862.25,3056.36
38,Customizable zero tolerance system engine,Books,4365.54,2137.08
39,Integrated tertiary functionalities,Electronics,848.91,533.75
40,Triple-buffered 5thgeneration flexibility,Clothing,3034.83,1658.78
41,Open-source background methodology,Sports,4652.58,3087.53
42,Front-line holistic knowledge user,Clothing,1273.32,601.34
43,Innovative didactic moderator,Clothing,519.7,283.65
44,Innovative context-sensitive budgetary management,Home,4892.12,2738.67
45,Multi-layered zero tolerance alliance,Home,729.12,395.61
46,Vision-oriented dedicated array,Toys,1398.78,925.61
47,Organic motivating algorithm,Books,4825.38,3274.86
48,Polarized motivating collaboration,Beauty,3593.45,1867.51
49,Ergonomic global matrices,Clothing,2246.69,1247.53
50,Upgradable multi-tasking function,Electronics,1314.74,551.15
51,Vision-oriented fresh-thinking circuit,Books,2982.71,1398.99
52,Visionary bandwidth-monitored model,Electronics,135.24,82.81
53,Synergistic clear-thinking database,Beauty,1221.81,820.6
54,Up-sized 5thgeneration knowledgebase,Grocery,447.2,210.81
55,Networked transitional model,Grocery,1149.76,505.54
56,Customizable 24hour function,Toys,1290.69,699.41
57,Balanced systemic policy,Toys,1033.01,443.24
58,Cross-group full-range Local Area Network,Electronics,1836.06,960.87
59,Balanced bi-directional model,Clothing,3399.49,2363.49
60,Visionary stable synergy,Clothing,397.0,245.53
61,Integrated 3rdgeneration orchestration,Grocery,1318.42,602.6
62,Virtual fault-tolerant productivity,Grocery,786.89,358.07
63,Expanded fresh-thinking customer loyalty,Grocery,1324.05,896.35
64,Ergonomic executive focus group,Clothing,4059.31,2666.11
65,Public-key foreground throughput,Electronics,347.88,243.44
66,Organic static capability,Books,4848.08,3286.56
67,Future-proofed coherent complexity,Books,914.92,499.26
68,Grass-roots bifurcated access,Home,4336.79,2908.83
69,Secured next generation migration,Sports,1956.97,1361.25
70,Customer-focused demand-driven moratorium,Sports,4639.94,2948.86
71,Monitored neutral functionalities,Grocery,2172.74,1493.1
72,Future-proofed client-server strategy,Electronics,858.5,419.82
73,Horizontal object-oriented encryption,Beauty,2937.98,1653.08
74,Down-sized asynchronous function,Home,380.11,218.66
75,Seamless global moratorium,Home,378.71,209.18
76,Organic actuating capacity,Books,435.75,183.18
77,Assimilated methodical service-desk,Books,2078.5,1418.53
78,Business-focused bi-directional info-mediaries,Clothing,2936.7,1209.69
79,Business-focused background interface,Beauty,2154.2,1238.88
80,Object-based context-sensitive strategy,Beauty,4680.06,2158.81
81,Right-sized optimizing product,Sports,1269.56,658.57
82,Team-oriented tangible knowledge user,Clothing,2340.4,1588.44
83,Seamless heuristic function,Clothing,145.65,85.4
84,Managed dedicated structure,Sports,458.98,212.94
85,Virtual static workforce,Clothing,749.04,378.04
86,Public-key attitude-oriented system engine,Home,4408.42,2252.08
87,Virtual maximized open system,Sports,2247.1,1265.04
88,De-engineered background website,Electronics,3097.22,2156.19
89,Total maximized attitude,Clothing,3372.53,1910.14
90,Persevering fault-tolerant software,Clothing,4700.76,2069.69
91,Stand-alone tertiary throughput,Home,4459.59,2777.1
92,Persistent methodical emulation,Beauty,1434.51,834.09
93,Face-to-face client-server pricing structure,Sports,1097.63,647.9
94,Fundamental high-level infrastructure,Electronics,2576.5,1224.7
95,Enterprise-wide tangible secured line,Sports,552.26,291.08
96,Managed zero tolerance Graphic Interface,Home,316.03,158.04
97,Persevering mobile algorithm,Grocery,3221.86,1541.94
98,Cloned methodical budgetary management,Electronics,2803.23,1480.96
99,Monitored mission-critical Local Area Network,Home,648.18,443.04
100,Down-sized executive throughput,Home,2773.39,1803.75
